From	Entry	Reviewed	Entry Name	Protein names	Gene Names	Organism	Length	Gene Ontology (molecular function)
GARIN5A	A1L3C1	reviewed	GAR5A_MOUSE	Golgi-associated RAB2 interactor protein 5A (Golgi-associated RAB2B interactor-like 5) (GARIL5)	Garin5a Fam71e1 Garil5	Mus musculus (Mouse)	212	
DCAF10	A2AKB9	reviewed	DCA10_MOUSE	DDB1- and CUL4-associated factor 10 (WD repeat-containing protein 32)	Dcaf10 Wdr32	Mus musculus (Mouse)	566	
RSRC2	A2RTL5	reviewed	RSRC2_MOUSE	Arginine/serine-rich coiled-coil protein 2	Rsrc2	Mus musculus (Mouse)	376	
WDR76	A6PWY4	reviewed	WDR76_MOUSE	WD repeat-containing protein 76	Wdr76	Mus musculus (Mouse)	622	DNA binding [GO:0003677]; enzyme binding [GO:0019899]
USP51	B1AY15	reviewed	UBP51_MOUSE	Ubiquitin carboxyl-terminal hydrolase 51 (EC 3.4.19.12) (Deubiquitinating enzyme 51)	Usp51	Mus musculus (Mouse)	661	chromatin binding [GO:0003682]; cysteine-type deubiquitinase activity [GO:0004843]; histone binding [GO:0042393]; histone H2A deubiquitinase activity [GO:0140950]; zinc ion binding [GO:0008270]
STOX1	B2RQL2	reviewed	STOX1_MOUSE	Storkhead-box protein 1	Stox1	Mus musculus (Mouse)	990	RNA polymerase II transcription regulatory region sequence-specific DNA binding [GO:0000977]
PDZD8	B9EJ80	reviewed	PDZD8_MOUSE	PDZ domain-containing protein 8	Pdzd8	Mus musculus (Mouse)	1147	lipid binding [GO:0008289]; metal ion binding [GO:0046872]
SIMC1	E9Q6E9	reviewed	SIMC1_MOUSE	SUMO-interacting motif-containing protein 1 (Platform element for inhibition of autolytic degradation)	Simc1 Pleiad	Mus musculus (Mouse)	1354	peptidase inhibitor activity [GO:0030414]; SUMO polymer binding [GO:0032184]
RGS22	G3UYX5	reviewed	RGS22_MOUSE	Regulator of G-protein signaling 22	Rgs22	Mus musculus (Mouse)	1258	G-protein alpha-subunit binding [GO:0001965]
KBTBD2	G3X9X1	reviewed	KBTB2_MOUSE	Kelch repeat and BTB domain-containing protein 2	Kbtbd2	Mus musculus (Mouse)	623	
ZNF142	G5E869	reviewed	ZN142_MOUSE	Zinc finger protein 142	Znf142 Kiaa0236 Zfp142	Mus musculus (Mouse)	1843	DNA binding [GO:0003677]; metal ion binding [GO:0046872]
TAF4B	G5E8Z2	reviewed	TAF4B_MOUSE	Transcription initiation factor TFIID subunit 4B (Transcription initiation factor TFIID 105 kDa subunit) (TAF(II)105) (TAFII-105) (TAFII105)	Taf4b Taf2c2 Tafii105	Mus musculus (Mouse)	850	DNA binding [GO:0003677]; NF-kappaB binding [GO:0051059]; protein heterodimerization activity [GO:0046982]
CFAP73	J3QPZ5	reviewed	CFA73_MOUSE	Cilia- and flagella-associated protein 73 (Coiled-coil domain-containing protein 42B)	Cfap73 Ccdc42b	Mus musculus (Mouse)	306	dynein complex binding [GO:0070840]
ESRRA	O08580	reviewed	ERR1_MOUSE	Steroid hormone receptor ERR1 (Estrogen receptor-like 1) (Estrogen-related receptor alpha) (ERR-alpha) (Nuclear receptor subfamily 3 group B member 1)	Esrra Err1 Estrra Nr3b1	Mus musculus (Mouse)	422	DNA-binding transcription activator activity, RNA polymerase II-specific [GO:0001228]; DNA-binding transcription factor activity [GO:0003700]; DNA-binding transcription repressor activity, RNA polymerase II-specific [GO:0001227]; estrogen response element binding [GO:0034056]; nuclear receptor activity [GO:0004879]; nuclear steroid receptor activity [GO:0003707]; protein domain specific binding [GO:0019904]; RNA polymerase II cis-regulatory region sequence-specific DNA binding [GO:0000978]; sequence-specific DNA binding [GO:0043565]; sequence-specific double-stranded DNA binding [GO:1990837]; steroid binding [GO:0005496]; zinc ion binding [GO:0008270]
TCOF1	O08784	reviewed	TCOF_MOUSE	Treacle protein (Treacher Collins syndrome protein homolog)	Tcof1	Mus musculus (Mouse)	1320	protein heterodimerization activity [GO:0046982]; protein-macromolecule adaptor activity [GO:0030674]; scaffold protein binding [GO:0097110]
OTP	O09113	reviewed	OTP_MOUSE	Homeobox protein orthopedia	Otp	Mus musculus (Mouse)	325	DNA binding [GO:0003677]; DNA-binding transcription repressor activity, RNA polymerase II-specific [GO:0001227]; RNA polymerase II transcription regulatory region sequence-specific DNA binding [GO:0000977]
RPL21	O09167	reviewed	RL21_MOUSE	Large ribosomal subunit protein eL21 (60S ribosomal protein L21)	Rpl21	Mus musculus (Mouse)	160	structural constituent of ribosome [GO:0003735]
OMD	O35103	reviewed	OMD_MOUSE	Osteomodulin (Keratan sulfate proteoglycan osteomodulin) (KSPG osteomodulin) (Osteoadherin) (OSAD)	Omd	Mus musculus (Mouse)	423	
POLR1A	O35134	reviewed	RPA1_MOUSE	DNA-directed RNA polymerase I subunit RPA1 (RNA polymerase I subunit A1) (EC 2.7.7.6) (DNA-directed RNA polymerase I largest subunit) (DNA-directed RNA polymerase I subunit A) (RNA polymerase I 194 kDa subunit) (RPA194)	Polr1a Rpa1 Rpo1-4	Mus musculus (Mouse)	1717	chromatin binding [GO:0003682]; DNA binding [GO:0003677]; DNA/RNA hybrid binding [GO:0071667]; RNA polymerase I activity [GO:0001054]; zinc ion binding [GO:0008270]
MRPL23	O35972	reviewed	RM23_MOUSE	Large ribosomal subunit protein uL23m (39S ribosomal protein L23, mitochondrial) (L23mt) (MRP-L23) (L23 mitochondrial-related protein)	Mrpl23 L23mrp	Mus musculus (Mouse)	146	structural constituent of ribosome [GO:0003735]
NFKBIE	O54910	reviewed	IKBE_MOUSE	NF-kappa-B inhibitor epsilon (NF-kappa-BIE) (I-kappa-B-epsilon) (IkB-E) (IkB-epsilon) (IkappaBepsilon)	Nfkbie Ikbe	Mus musculus (Mouse)	364	
ALX3	O70137	reviewed	ALX3_MOUSE	Homeobox protein aristaless-like 3 (Proline-rich transcription factor ALX3)	Alx3	Mus musculus (Mouse)	343	DNA binding [GO:0003677]; DNA-binding transcription factor activity [GO:0003700]; DNA-binding transcription factor activity, RNA polymerase II-specific [GO:0000981]; RNA polymerase II transcription regulatory region sequence-specific DNA binding [GO:0000977]; sequence-specific double-stranded DNA binding [GO:1990837]
EEF1B2	O70251	reviewed	EF1B_MOUSE	Elongation factor 1-beta (EF-1-beta)	Eef1b Eef1b2	Mus musculus (Mouse)	225	guanyl-nucleotide exchange factor activity [GO:0005085]; translation elongation factor activity [GO:0003746]
CRIPT	O70333	reviewed	CRIPT_MOUSE	Cysteine-rich PDZ-binding protein (Cysteine-rich interactor of PDZ three) (Cysteine-rich interactor of PDZ3)	Cript	Mus musculus (Mouse)	101	microtubule binding [GO:0008017]; PDZ domain binding [GO:0030165]; protein-containing complex binding [GO:0044877]; scaffold protein binding [GO:0097110]
TSPAN6	O70401	reviewed	TSN6_MOUSE	Tetraspanin-6 (Tspan-6) (Transmembrane 4 superfamily member 6)	Tspan6 Tm4sf6	Mus musculus (Mouse)	245	
FHIT	O89106	reviewed	FHIT_MOUSE	Bis(5'-adenosyl)-triphosphatase (EC 3.6.1.29) (AP3A hydrolase) (AP3Aase) (Adenosine 5'-monophosphoramidase FHIT) (EC 3.9.1.-) (Adenylylsulfatase) (EC 3.6.2.1) (Adenylylsulfate-ammonia adenylyltransferase) (EC 2.7.7.51) (Diadenosine 5',5'''-P1,P3-triphosphate hydrolase) (Dinucleosidetriphosphatase) (Fragile histidine triad protein)	Fhit	Mus musculus (Mouse)	150	adenosine 5'-monophosphoramidase activity [GO:0043530]; adenylylsulfatase activity [GO:0047627]; adenylylsulfate-ammonia adenylyltransferase activity [GO:0047352]; bis(5'-adenosyl)-triphosphatase activity [GO:0047710]; identical protein binding [GO:0042802]; nickel cation binding [GO:0016151]; nucleotide binding [GO:0000166]; ubiquitin protein ligase binding [GO:0031625]
ALDOC	P05063	reviewed	ALDOC_MOUSE	Fructose-bisphosphate aldolase C (EC 4.1.2.13) (Aldolase 3) (Brain-type aldolase) (Scrapie-responsive protein 2) (Zebrin II)	Aldoc Aldo3 Scrg2	Mus musculus (Mouse)	363	cytoskeletal protein binding [GO:0008092]; fructose-bisphosphate aldolase activity [GO:0004332]; identical protein binding [GO:0042802]; protein-containing complex binding [GO:0044877]
CAMK4	P08414	reviewed	KCC4_MOUSE	Calcium/calmodulin-dependent protein kinase type IV (CaMK IV) (EC 2.7.11.17) (CaM kinase-GR)	Camk4	Mus musculus (Mouse)	469	ATP binding [GO:0005524]; calcium-dependent protein serine/threonine kinase activity [GO:0009931]; calmodulin binding [GO:0005516]; calmodulin-dependent protein kinase activity [GO:0004683]; protein serine kinase activity [GO:0106310]
HOXB5	P09079	reviewed	HXB5_MOUSE	Homeobox protein Hox-B5 (Homeobox protein H24.1) (Homeobox protein Hox-2.1) (Homeobox protein Mu-1)	Hoxb5 Hox-2.1 Hoxb-5	Mus musculus (Mouse)	269	DNA binding [GO:0003677]; DNA-binding transcription activator activity, RNA polymerase II-specific [GO:0001228]; DNA-binding transcription factor activity [GO:0003700]; DNA-binding transcription factor activity, RNA polymerase II-specific [GO:0000981]; RNA polymerase II cis-regulatory region sequence-specific DNA binding [GO:0000978]; sequence-specific double-stranded DNA binding [GO:1990837]
CD48	P18181	reviewed	CD48_MOUSE	CD48 antigen (BCM1 surface antigen) (BLAST-1) (HM48-1) (MRC OX-45 surface antigen) (SLAM family member 2) (SLAMF2) (Signaling lymphocytic activation molecule 2) (sgp-60) (CD antigen CD48)	Cd48 Bcm-1	Mus musculus (Mouse)	240	
UBTF	P25976	reviewed	UBF1_MOUSE	Nucleolar transcription factor 1 (Upstream-binding factor 1) (UBF-1)	Ubtf Tcfubf Ubf-1 Ubf1	Mus musculus (Mouse)	765	chromatin binding [GO:0003682]; RNA polymerase I cis-regulatory region sequence-specific DNA binding [GO:0001165]; RNA polymerase I core promoter sequence-specific DNA binding [GO:0001164]; RNA polymerase I general transcription initiation factor activity [GO:0001181]; scaffold protein binding [GO:0097110]
NECTIN2	P32507	reviewed	NECT2_MOUSE	Nectin-2 (Herpes virus entry mediator B) (Herpesvirus entry mediator B) (HveB) (Murine herpes virus entry protein B) (mHveB) (Nectin cell adhesion molecule 2) (Poliovirus receptor homolog) (Poliovirus receptor-related protein 2) (CD antigen CD112)	Nectin2 Mph Pvr Pvrl2 Pvs	Mus musculus (Mouse)	530	cell adhesion molecule binding [GO:0050839]; identical protein binding [GO:0042802]; protein homodimerization activity [GO:0042803]
FOXA1	P35582	reviewed	FOXA1_MOUSE	Hepatocyte nuclear factor 3-alpha (HNF-3-alpha) (HNF-3A) (Forkhead box protein A1)	Foxa1 Hnf3a Tcf-3a Tcf3a	Mus musculus (Mouse)	468	chromatin binding [GO:0003682]; DNA binding [GO:0003677]; DNA-binding transcription activator activity, RNA polymerase II-specific [GO:0001228]; DNA-binding transcription factor activity [GO:0003700]; DNA-binding transcription factor activity, RNA polymerase II-specific [GO:0000981]; double-stranded DNA binding [GO:0003690]; protein domain specific binding [GO:0019904]; RNA polymerase II cis-regulatory region sequence-specific DNA binding [GO:0000978]; RNA polymerase II-specific DNA-binding transcription factor binding [GO:0061629]; sequence-specific DNA binding [GO:0043565]; sequence-specific double-stranded DNA binding [GO:1990837]; transcription cis-regulatory region binding [GO:0000976]
CHD1	P40201	reviewed	CHD1_MOUSE	Chromodomain-helicase-DNA-binding protein 1 (CHD-1) (EC 3.6.4.12) (ATP-dependent helicase CHD1)	Chd1 Chd-1	Mus musculus (Mouse)	1711	ATP binding [GO:0005524]; ATP hydrolysis activity [GO:0016887]; ATP-dependent chromatin remodeler activity [GO:0140658]; chromatin binding [GO:0003682]; DNA binding [GO:0003677]; helicase activity [GO:0004386]; histone binding [GO:0042393]; methylated histone binding [GO:0035064]
FOXK1	P42128	reviewed	FOXK1_MOUSE	Forkhead box protein K1 (Myocyte nuclear factor) (MNF)	Foxk1 Mnf	Mus musculus (Mouse)	719	14-3-3 protein binding [GO:0071889]; DNA binding [GO:0003677]; DNA-binding transcription factor activity [GO:0003700]; DNA-binding transcription factor activity, RNA polymerase II-specific [GO:0000981]; DNA-binding transcription repressor activity, RNA polymerase II-specific [GO:0001227]; RNA polymerase II cis-regulatory region sequence-specific DNA binding [GO:0000978]; RNA polymerase II transcription regulatory region sequence-specific DNA binding [GO:0000977]; sequence-specific DNA binding [GO:0043565]; sequence-specific double-stranded DNA binding [GO:1990837]; transcription cis-regulatory region binding [GO:0000976]
NKX1-2	P42580	reviewed	NKX12_MOUSE	NK1 transcription factor-related protein 2 (Homeobox protein SAX-1) (NKX-1.1)	Nkx1-2 Nkx1.1 Sax1	Mus musculus (Mouse)	305	DNA-binding transcription factor activity, RNA polymerase II-specific [GO:0000981]; RNA polymerase II cis-regulatory region sequence-specific DNA binding [GO:0000978]
TTF1	P50220	reviewed	NKX21_MOUSE	Homeobox protein Nkx-2.1 (Thyroid nuclear factor 1) (Thyroid transcription factor 1) (TTF-1) (Thyroid-specific enhancer-binding protein) (T/EBP)	Nkx2-1 Nkx-2.1 Titf1 Ttf1	Mus musculus (Mouse)	372	core promoter sequence-specific DNA binding [GO:0001046]; DNA binding [GO:0003677]; DNA-binding transcription activator activity, RNA polymerase II-specific [GO:0001228]; DNA-binding transcription factor activity [GO:0003700]; DNA-binding transcription factor activity, RNA polymerase II-specific [GO:0000981]; enzyme binding [GO:0019899]; identical protein binding [GO:0042802]; intronic transcription regulatory region sequence-specific DNA binding [GO:0001161]; RNA polymerase II cis-regulatory region sequence-specific DNA binding [GO:0000978]; RNA polymerase II transcription regulatory region sequence-specific DNA binding [GO:0000977]; RNA polymerase II-specific DNA-binding transcription factor binding [GO:0061629]; sequence-specific DNA binding [GO:0043565]; TBP-class protein binding [GO:0017025]; transcription cis-regulatory region binding [GO:0000976]; transcription coactivator activity [GO:0003713]; transcription coregulator binding [GO:0001221]
CCR2	P51683	reviewed	CCR2_MOUSE	C-C chemokine receptor type 2 (C-C CKR-2) (CC-CKR-2) (CCR-2) (CCR2) (JE/FIC receptor) (MCP-1 receptor) (CD antigen CD192)	Ccr2 Cmkbr2	Mus musculus (Mouse)	373	C-C chemokine receptor activity [GO:0016493]; CCR2 chemokine receptor binding [GO:0031727]; chemokine (C-C motif) ligand 12 binding [GO:0035716]; chemokine (C-C motif) ligand 2 binding [GO:0035715]; chemokine (C-C motif) ligand 5 binding [GO:0071791]; chemokine (C-C motif) ligand 7 binding [GO:0035717]; cytokine binding [GO:0019955]; identical protein binding [GO:0042802]
POLR1C	P52432	reviewed	RPAC1_MOUSE	DNA-directed RNA polymerases I and III subunit RPAC1 (DNA-directed RNA polymerase I subunit C) (RNA polymerases I and III subunit AC1) (AC40) (DNA-directed RNA polymerases I and III 40 kDa polypeptide) (RPA40) (RPC40)	Polr1c Rpo1-1	Mus musculus (Mouse)	346	DNA binding [GO:0003677]; protein dimerization activity [GO:0046983]; RNA polymerase I activity [GO:0001054]; RNA polymerase III activity [GO:0001056]
PAF1	P55098	reviewed	PEX2_MOUSE	Peroxisome biogenesis factor 2 (EC 2.3.2.27) (EC 2.3.2.36) (Peroxin-2) (Peroxisomal membrane protein 3) (Peroxisome assembly factor 1) (PAF-1)	Pex2 Paf1 Pmp35 Pxmp3	Mus musculus (Mouse)	305	ubiquitin protein ligase activity [GO:0061630]; zinc ion binding [GO:0008270]
EEF1D	P57776	reviewed	EF1D_MOUSE	Elongation factor 1-delta (EF-1-delta)	Eef1d	Mus musculus (Mouse)	281	DNA-binding transcription factor binding [GO:0140297]; guanyl-nucleotide exchange factor activity [GO:0005085]; heat shock protein binding [GO:0031072]; RNA polymerase II cis-regulatory region sequence-specific DNA binding [GO:0000978]; translation elongation factor activity [GO:0003746]
SESN1	P58006	reviewed	SESN1_MOUSE	Sestrin-1 (EC 1.11.1.-)	Sesn1 Pa26 Sest1	Mus musculus (Mouse)	492	leucine binding [GO:0070728]; oxidoreductase activity, acting on peroxide as acceptor [GO:0016684]
INPP5J	P59644	reviewed	PI5PA_MOUSE	Phosphatidylinositol 4,5-bisphosphate 5-phosphatase A (EC 3.1.3.36) (Inositol polyphosphate 5-phosphatase J) (Phosphatidylinositol 1,3,4,5-tetrakisphosphate 5-phosphatase) (EC 3.1.3.56) (Phosphatidylinositol 1,4,5-trisphosphate 5-phosphatase) (EC 3.1.3.56)	Inpp5j Pib5pa	Mus musculus (Mouse)	1003	inositol-1,3,4,5-tetrakisphosphate 5-phosphatase activity [GO:0052659]; inositol-1,4,5-trisphosphate 5-phosphatase activity [GO:0052658]; inositol-polyphosphate 5-phosphatase activity [GO:0004445]; phosphatidylinositol-3,4,5-trisphosphate 5-phosphatase activity [GO:0034485]; phosphatidylinositol-4,5-bisphosphate 5-phosphatase activity [GO:0004439]; SH3 domain binding [GO:0017124]
PPFIA3	P60469	reviewed	LIPA3_MOUSE	Liprin-alpha-3 (Protein tyrosine phosphatase receptor type f polypeptide-interacting protein alpha-3) (PTPRF-interacting protein alpha-3)	Ppfia3	Mus musculus (Mouse)	1194	
UBE2N	P61089	reviewed	UBE2N_MOUSE	Ubiquitin-conjugating enzyme E2 N (EC 2.3.2.23) (Bendless-like ubiquitin-conjugating enzyme) (E2 ubiquitin-conjugating enzyme N) (Ubc13) (Ubiquitin carrier protein N) (Ubiquitin-protein ligase N)	Ube2n Blu	Mus musculus (Mouse)	152	ATP binding [GO:0005524]; ubiquitin binding [GO:0043130]; ubiquitin conjugating enzyme activity [GO:0061631]; ubiquitin protein ligase binding [GO:0031625]; ubiquitin-protein transferase activator activity [GO:0097027]; ubiquitin-protein transferase activity [GO:0004842]
POLR2F	P61219	reviewed	RPAB2_MOUSE	DNA-directed RNA polymerases I, II, and III subunit RPABC2 (RNA polymerases I, II, and III subunit ABC2) (DNA-directed RNA polymerase II subunit F) (RPB6 homolog)	Polr2f	Mus musculus (Mouse)	127	DNA binding [GO:0003677]; DNA-directed 5'-3' RNA polymerase activity [GO:0003899]
TIMM13	P62075	reviewed	TIM13_MOUSE	Mitochondrial import inner membrane translocase subunit Tim13	Timm13 Tim13a Timm13a	Mus musculus (Mouse)	95	metal ion binding [GO:0046872]
RPL23A	P62751	reviewed	RL23A_MOUSE	Large ribosomal subunit protein uL23 (60S ribosomal protein L23a)	Rpl23a	Mus musculus (Mouse)	156	large ribosomal subunit rRNA binding [GO:0070180]; structural constituent of ribosome [GO:0003735]; TORC2 complex binding [GO:1904841]
PCP4	P63054	reviewed	PCP4_MOUSE	Calmodulin regulator protein PCP4 (Brain-specific antigen PCP-4) (Brain-specific polypeptide PEP-19) (Purkinje cell protein 4)	Pcp4 Pep19	Mus musculus (Mouse)	62	calcium ion binding [GO:0005509]; calmodulin binding [GO:0005516]; RNA binding [GO:0003723]
UBD	P63072	reviewed	UBD_MOUSE	Ubiquitin D (Diubiquitin) (Ubiquitin-like protein FAT10)	Ubd Fat10	Mus musculus (Mouse)	162	proteasome binding [GO:0070628]
NFIC	P70255	reviewed	NFIC_MOUSE	Nuclear factor 1 C-type (NF1-C) (Nuclear factor 1/C) (CCAAT-box-binding transcription factor) (CTF) (Nuclear factor I/C) (NF-I/C) (NFI-C) (TGGCA-binding protein)	Nfic	Mus musculus (Mouse)	439	cis-regulatory region sequence-specific DNA binding [GO:0000987]; DNA binding [GO:0003677]; DNA-binding transcription activator activity, RNA polymerase II-specific [GO:0001228]; DNA-binding transcription factor activity [GO:0003700]; DNA-binding transcription factor activity, RNA polymerase II-specific [GO:0000981]; double-stranded DNA binding [GO:0003690]; RNA polymerase II cis-regulatory region sequence-specific DNA binding [GO:0000978]; sequence-specific double-stranded DNA binding [GO:1990837]
TERF1	P70371	reviewed	TERF1_MOUSE	Telomeric repeat-binding factor 1 (TTAGGG repeat-binding factor 1)	Terf1 Trf1	Mus musculus (Mouse)	421	ankyrin repeat binding [GO:0071532]; DNA binding, bending [GO:0008301]; double-stranded telomeric DNA binding [GO:0003691]; G-rich strand telomeric DNA binding [GO:0098505]; identical protein binding [GO:0042802]; microtubule binding [GO:0008017]; molecular adaptor activity [GO:0060090]; protein homodimerization activity [GO:0042803]; telomerase activity [GO:0003720]; telomeric DNA binding [GO:0042162]
FGF14	P70379	reviewed	FGF14_MOUSE	Fibroblast growth factor 14 (FGF-14) (Fibroblast growth factor homologous factor 4) (FHF-4)	Fgf14 Fhf4	Mus musculus (Mouse)	247	growth factor activity [GO:0008083]; heparin binding [GO:0008201]; sodium channel regulator activity [GO:0017080]
POLR1B	P70700	reviewed	RPA2_MOUSE	DNA-directed RNA polymerase I subunit RPA2 (RNA polymerase I subunit 2) (EC 2.7.7.6) (DNA-directed RNA polymerase I 135 kDa polypeptide) (RPA135)	Polr1b Rpa2 Rpo1-2	Mus musculus (Mouse)	1135	DNA binding [GO:0003677]; DNA-directed 5'-3' RNA polymerase activity [GO:0003899]; DNA/RNA hybrid binding [GO:0071667]; metal ion binding [GO:0046872]; ribonucleoside binding [GO:0032549]
RBM46	P86049	reviewed	RBM46_MOUSE	Probable RNA-binding protein 46 (RNA-binding motif protein 46)	Rbm46	Mus musculus (Mouse)	533	mRNA binding [GO:0003729]; RNA binding [GO:0003723]
BEND4	P86174	reviewed	BEND4_MOUSE	BEN domain-containing protein 4	Bend4	Mus musculus (Mouse)	541	DNA binding [GO:0003677]
NFIB	P97863	reviewed	NFIB_MOUSE	Nuclear factor 1 B-type (NF1-B) (Nuclear factor 1/B) (CCAAT-box-binding transcription factor) (CTF) (Nuclear factor I/B) (NF-I/B) (NFI-B) (TGGCA-binding protein)	Nfib	Mus musculus (Mouse)	570	DNA binding [GO:0003677]; DNA-binding transcription activator activity, RNA polymerase II-specific [GO:0001228]; DNA-binding transcription factor activity, RNA polymerase II-specific [GO:0000981]; double-stranded DNA binding [GO:0003690]; RNA polymerase II cis-regulatory region sequence-specific DNA binding [GO:0000978]; sequence-specific double-stranded DNA binding [GO:1990837]; transcription regulator inhibitor activity [GO:0140416]
DAB2	P98078	reviewed	DAB2_MOUSE	Disabled homolog 2 (Adaptor molecule disabled-2) (Differentially expressed in ovarian carcinoma 2) (DOC-2) (Mitogen-responsive phosphoprotein)	Dab2 Doc2	Mus musculus (Mouse)	766	AP-2 adaptor complex binding [GO:0035612]; cargo receptor activity [GO:0038024]; clathrin adaptor activity [GO:0035615]; clathrin binding [GO:0030276]; integrin binding [GO:0005178]; low-density lipoprotein particle receptor binding [GO:0050750]; phosphatidylinositol binding [GO:0035091]; phosphatidylinositol-4,5-bisphosphate binding [GO:0005546]; SMAD binding [GO:0046332]
YY1	Q00899	reviewed	TYY1_MOUSE	Transcriptional repressor protein YY1 (Delta transcription factor) (NF-E1) (UCR-motif DNA-binding protein) (Yin and yang 1) (YY-1)	Yy1 Ucrbp	Mus musculus (Mouse)	414	chromatin binding [GO:0003682]; cis-regulatory region sequence-specific DNA binding [GO:0000987]; DNA binding [GO:0003677]; DNA-binding transcription activator activity, RNA polymerase II-specific [GO:0001228]; DNA-binding transcription factor activity [GO:0003700]; DNA-binding transcription factor activity, RNA polymerase II-specific [GO:0000981]; DNA-binding transcription factor binding [GO:0140297]; DNA-binding transcription repressor activity, RNA polymerase II-specific [GO:0001227]; four-way junction DNA binding [GO:0000400]; metal ion binding [GO:0046872]; RNA binding [GO:0003723]; RNA polymerase II cis-regulatory region sequence-specific DNA binding [GO:0000978]; sequence-specific DNA binding [GO:0043565]; sequence-specific double-stranded DNA binding [GO:1990837]; SMAD binding [GO:0046332]; transcription cis-regulatory region binding [GO:0000976]
CDK7	Q03147	reviewed	CDK7_MOUSE	Cyclin-dependent kinase 7 (EC 2.7.11.22) (EC 2.7.11.23) (39 kDa protein kinase) (P39 Mo15) (CDK-activating kinase) (CR4 protein kinase) (CRK4) (Cell division protein kinase 7) (Protein-tyrosine kinase MPK-7) (TFIIH basal transcription factor complex kinase subunit)	Cdk7 Cak Cdkn7 Crk4 Mo15 Mpk-7	Mus musculus (Mouse)	346	ATP binding [GO:0005524]; ATP-dependent activity, acting on DNA [GO:0008094]; cyclin-dependent protein serine/threonine kinase activity [GO:0004693]; kinase activity [GO:0016301]; protein kinase activity [GO:0004672]; protein serine kinase activity [GO:0106310]; protein-containing complex binding [GO:0044877]; RNA polymerase II CTD heptapeptide repeat kinase activity [GO:0008353]
TOP1	Q04750	reviewed	TOP1_MOUSE	DNA topoisomerase 1 (EC 5.6.2.1) (DNA topoisomerase I)	Top1 Top-1	Mus musculus (Mouse)	767	ATP binding [GO:0005524]; chromatin binding [GO:0003682]; chromatin DNA binding [GO:0031490]; DNA binding [GO:0003677]; DNA binding, bending [GO:0008301]; DNA topoisomerase type I (single strand cut, ATP-independent) activity [GO:0003917]; double-stranded DNA binding [GO:0003690]; protein domain specific binding [GO:0019904]; protein serine/threonine kinase activity [GO:0004674]; protein-containing complex binding [GO:0044877]; RNA polymerase II cis-regulatory region sequence-specific DNA binding [GO:0000978]; single-stranded DNA binding [GO:0003697]; supercoiled DNA binding [GO:0097100]
ZNF112	Q0VAW7	reviewed	ZN112_MOUSE	Zinc finger protein 112 (Zfp-112)	Znf112 Zfp112	Mus musculus (Mouse)	879	DNA-binding transcription activator activity, RNA polymerase II-specific [GO:0001228]; metal ion binding [GO:0046872]; RNA polymerase II cis-regulatory region sequence-specific DNA binding [GO:0000978]
ZFHX2	Q2MHN3	reviewed	ZFHX2_MOUSE	Zinc finger homeobox protein 2 (Zinc finger homeodomain protein 5)	Zfhx2 Kiaa1056 zfh-5	Mus musculus (Mouse)	2562	DNA-binding transcription factor activity, RNA polymerase II-specific [GO:0000981]; RNA polymerase II cis-regulatory region sequence-specific DNA binding [GO:0000978]; zinc ion binding [GO:0008270]
MALT1	Q2TBA3	reviewed	MALT1_MOUSE	Mucosa-associated lymphoid tissue lymphoma translocation protein 1 homolog (EC 3.4.22.-) (Paracaspase)	Malt1	Mus musculus (Mouse)	832	cysteine-type endopeptidase activity [GO:0004197]; endopeptidase activity [GO:0004175]; identical protein binding [GO:0042802]; kinase activator activity [GO:0019209]; peptidase activity [GO:0008233]; protease binding [GO:0002020]; protein self-association [GO:0043621]; small molecule binding [GO:0036094]; ubiquitin-protein transferase activity [GO:0004842]
NHEJ1	Q3KNJ2	reviewed	NHEJ1_MOUSE	Non-homologous end-joining factor 1 (Protein cernunnos) (XRCC4-like factor)	Nhej1 Xlf	Mus musculus (Mouse)	295	DNA end binding [GO:0045027]; DNA polymerase binding [GO:0070182]
TMEM120B	Q3TA38	reviewed	T120B_MOUSE	Transmembrane protein 120B	Tmem120b	Mus musculus (Mouse)	339	
CCDC127	Q3TC33	reviewed	CC127_MOUSE	Coiled-coil domain-containing protein 127	Ccdc127	Mus musculus (Mouse)	260	
SMARCA4	Q3TKT4	reviewed	SMCA4_MOUSE	Transcription activator BRG1 (EC 3.6.4.-) (ATP-dependent helicase SMARCA4) (BRG1-associated factor 190A) (BAF190A) (Protein brahma homolog 1) (SNF2-beta) (SWI/SNF-related matrix-associated actin-dependent regulator of chromatin subfamily A member 4)	Smarca4 Baf190a Brg1 Snf2b Snf2l4	Mus musculus (Mouse)	1613	ATP binding [GO:0005524]; ATP hydrolysis activity [GO:0016887]; ATP-dependent activity, acting on DNA [GO:0008094]; ATP-dependent chromatin remodeler activity [GO:0140658]; chromatin binding [GO:0003682]; DNA binding [GO:0003677]; DNA polymerase binding [GO:0070182]; helicase activity [GO:0004386]; lncRNA binding [GO:0106222]; lysine-acetylated histone binding [GO:0070577]; nuclear androgen receptor binding [GO:0050681]; p53 binding [GO:0002039]; protein-containing complex binding [GO:0044877]; RNA polymerase II cis-regulatory region sequence-specific DNA binding [GO:0000978]; RNA polymerase II transcription regulatory region sequence-specific DNA binding [GO:0000977]; Tat protein binding [GO:0030957]; transcription coactivator activity [GO:0003713]; transcription coregulator binding [GO:0001221]; transcription corepressor activity [GO:0003714]
ZNF575	Q3TXZ1	reviewed	ZN575_MOUSE	Zinc finger protein 575	Znf575 Zfp575	Mus musculus (Mouse)	239	DNA-binding transcription factor activity, RNA polymerase II-specific [GO:0000981]; metal ion binding [GO:0046872]; RNA polymerase II cis-regulatory region sequence-specific DNA binding [GO:0000978]
SEC24A	Q3U2P1	reviewed	SC24A_MOUSE	Protein transport protein Sec24A (SEC24-related protein A)	Sec24a	Mus musculus (Mouse)	1090	SNARE binding [GO:0000149]; zinc ion binding [GO:0008270]
OTUD5	Q3U2S4	reviewed	OTUD5_MOUSE	OTU domain-containing protein 5 (EC 3.4.19.12) (Deubiquitinating enzyme A) (DUBA)	Otud5 DXImx46e Sfc7	Mus musculus (Mouse)	566	cysteine-type deubiquitinase activity [GO:0004843]; deubiquitinase activity [GO:0101005]; K48-linked deubiquitinase activity [GO:1990380]; K63-linked deubiquitinase activity [GO:0061578]
TMEM131L	Q3U3D7	reviewed	T131L_MOUSE	Transmembrane protein 131-like	Tmem131l Kiaa0922	Mus musculus (Mouse)	1597	
HEXD	Q3U4H6	reviewed	HEXD_MOUSE	Hexosaminidase D (EC 3.2.1.52) (Beta-N-acetylhexosaminidase) (Beta-hexosaminidase D) (Hexosaminidase domain-containing protein) (N-acetyl-beta-galactosaminidase)	Hexd Hexdc	Mus musculus (Mouse)	486	beta-N-acetylhexosaminidase activity [GO:0004563]; hexosaminidase activity [GO:0015929]; N-acetyl-beta-D-galactosaminidase activity [GO:0102148]
RREB1	Q3UH06	reviewed	RREB1_MOUSE	Ras-responsive element-binding protein 1 (RREB-1) (RAS-responsive zinc finger transcription factor RREB)	Rreb1	Mus musculus (Mouse)	1700	DNA-binding transcription activator activity, RNA polymerase II-specific [GO:0001228]; DNA-binding transcription factor activity [GO:0003700]; metal ion binding [GO:0046872]; RNA polymerase II cis-regulatory region sequence-specific DNA binding [GO:0000978]; RNA polymerase II transcription regulatory region sequence-specific DNA binding [GO:0000977]
CCDC34	Q3UI66	reviewed	CCD34_MOUSE	Coiled-coil domain-containing protein 34	Ccdc34	Mus musculus (Mouse)	367	
PAK6	Q3ULB5	reviewed	PAK6_MOUSE	Serine/threonine-protein kinase PAK 6 (EC 2.7.11.1) (p21-activated kinase 6) (PAK-6)	Pak6	Mus musculus (Mouse)	682	ATP binding [GO:0005524]; protein serine kinase activity [GO:0106310]; protein serine/threonine kinase activity [GO:0004674]
TFCP2L1	Q3UNW5	reviewed	TF2L1_MOUSE	Transcription factor CP2-like protein 1 (CP2-related transcriptional repressor 1) (CRTR-1)	Tfcp2l1 Crtr1 Tcfcp2l1	Mus musculus (Mouse)	479	DNA-binding transcription activator activity, RNA polymerase II-specific [GO:0001228]; DNA-binding transcription repressor activity, RNA polymerase II-specific [GO:0001227]; RNA polymerase II cis-regulatory region sequence-specific DNA binding [GO:0000978]; RNA polymerase II transcription regulatory region sequence-specific DNA binding [GO:0000977]; sequence-specific double-stranded DNA binding [GO:1990837]
GASK1B	Q3UPI1	reviewed	GAK1B_MOUSE	Golgi-associated kinase 1B (Expressed in nerve and epithelium during development) (Protein FAM198B)	Gask1b Ened Fam198b	Mus musculus (Mouse)	517	
PRDM10	Q3UTQ7	reviewed	PRD10_MOUSE	PR domain zinc finger protein 10 (EC 2.1.1.-) (PR domain-containing protein 10) (Tristanin)	Prdm10 Gm1112 Tris	Mus musculus (Mouse)	1184	DNA binding [GO:0003677]; metal ion binding [GO:0046872]; methyltransferase activity [GO:0008168]
SREK1IP1	Q4V9W2	reviewed	SR1IP_MOUSE	Protein SREK1IP1 (SFRS12-interacting protein 1) (SREK1-interacting protein 1)	Srek1ip1 Sfrs12ip1	Mus musculus (Mouse)	153	nucleic acid binding [GO:0003676]; zinc ion binding [GO:0008270]
LRRC47	Q505F5	reviewed	LRC47_MOUSE	Leucine-rich repeat-containing protein 47	Lrrc47 Kiaa1185	Mus musculus (Mouse)	581	phenylalanine-tRNA ligase activity [GO:0004826]; RNA binding [GO:0003723]
DDX46	Q569Z5	reviewed	DDX46_MOUSE	Probable ATP-dependent RNA helicase DDX46 (EC 3.6.4.13) (DEAD box protein 46)	Ddx46 Kiaa0801	Mus musculus (Mouse)	1032	ATP binding [GO:0005524]; ATP hydrolysis activity [GO:0016887]; RNA binding [GO:0003723]; RNA helicase activity [GO:0003724]
CLHC1	Q5M6W3	reviewed	CLHC1_MOUSE	Clathrin heavy chain linker domain-containing protein 1	Clhc1	Mus musculus (Mouse)	596	
CRPPA	Q5RJG7	reviewed	ISPD_MOUSE	D-ribitol-5-phosphate cytidylyltransferase (EC 2.7.7.40) (2-C-methyl-D-erythritol 4-phosphate cytidylyltransferase-like protein) (Isoprenoid synthase domain-containing protein)	Crppa Ispd	Mus musculus (Mouse)	447	cytidylyltransferase activity [GO:0070567]; D-ribitol-5-phosphate cytidylyltransferase activity [GO:0047349]; protein homodimerization activity [GO:0042803]
SAP30L	Q5SQF8	reviewed	SP30L_MOUSE	Histone deacetylase complex subunit SAP30L (Sin3 corepressor complex subunit SAP30L) (Sin3-associated protein p30-like)	Sap30l	Mus musculus (Mouse)	182	DNA binding [GO:0003677]; histone binding [GO:0042393]; non-sequence-specific DNA binding, bending [GO:0044378]; nucleosome binding [GO:0031491]; phosphatidylinositol-3-phosphate binding [GO:0032266]; phosphatidylinositol-4-phosphate binding [GO:0070273]; phosphatidylinositol-5-phosphate binding [GO:0010314]; transcription coregulator activity [GO:0003712]; zinc ion binding [GO:0008270]
ANKRD40	Q5SUE8	reviewed	ANR40_MOUSE	Ankyrin repeat domain-containing protein 40	Ankrd40	Mus musculus (Mouse)	363	
TBC1D9B	Q5SVR0	reviewed	TBC9B_MOUSE	TBC1 domain family member 9B	Tbc1d9b Kiaa0676	Mus musculus (Mouse)	1263	calcium ion binding [GO:0005509]; GTPase activator activity [GO:0005096]
CLUH	Q5SW19	reviewed	CLU_MOUSE	Clustered mitochondria protein homolog	Cluh Kiaa0664	Mus musculus (Mouse)	1315	mRNA binding [GO:0003729]
ACACA	Q5SWU9	reviewed	ACACA_MOUSE	Acetyl-CoA carboxylase 1 (ACC1) (EC 6.4.1.2) (ACC-alpha) (Acetyl-CoA carboxylase 265)	Acaca Acac Gm738	Mus musculus (Mouse)	2345	acetyl-CoA carboxylase activity [GO:0003989]; ATP binding [GO:0005524]; biotin binding [GO:0009374]; identical protein binding [GO:0042802]; kinase binding [GO:0019900]; metal ion binding [GO:0046872]
SPECC1	Q5SXY1	reviewed	CYTSB_MOUSE	Cytospin-B (Sperm antigen with calponin homology and coiled-coil domains 1)	Specc1 Cytsb Kiaa4061	Mus musculus (Mouse)	1067	
LEO1	Q5XJE5	reviewed	LEO1_MOUSE	RNA polymerase-associated protein LEO1	Leo1 Gm185	Mus musculus (Mouse)	667	RNA polymerase II C-terminal domain phosphoserine binding [GO:1990269]
KIF1B	Q60575	reviewed	KIF1B_MOUSE	Kinesin-like protein KIF1B	Kif1b	Mus musculus (Mouse)	1816	ATP binding [GO:0005524]; ATP hydrolysis activity [GO:0016887]; kinase binding [GO:0019900]; microtubule binding [GO:0008017]; microtubule motor activity [GO:0003777]; plus-end-directed microtubule motor activity [GO:0008574]; scaffold protein binding [GO:0097110]
DYRK1A	Q61214	reviewed	DYR1A_MOUSE	Dual specificity tyrosine-phosphorylation-regulated kinase 1A (EC 2.7.11.23) (EC 2.7.12.1) (Dual specificity YAK1-related kinase) (MP86) (Protein kinase minibrain homolog) (MNBH)	Dyrk1a Dyrk	Mus musculus (Mouse)	763	actin binding [GO:0003779]; ATP binding [GO:0005524]; cytoskeletal protein binding [GO:0008092]; histone H3T45 kinase activity [GO:0140857]; identical protein binding [GO:0042802]; non-membrane spanning protein tyrosine kinase activity [GO:0004715]; protein kinase activity [GO:0004672]; protein self-association [GO:0043621]; protein serine kinase activity [GO:0106310]; protein serine/threonine kinase activity [GO:0004674]; protein serine/threonine/tyrosine kinase activity [GO:0004712]; protein tyrosine kinase activity [GO:0004713]; RNA polymerase II CTD heptapeptide repeat kinase activity [GO:0008353]; tau protein binding [GO:0048156]; transcription coactivator activity [GO:0003713]; tubulin binding [GO:0015631]
TRAF4	Q61382	reviewed	TRAF4_MOUSE	TNF receptor-associated factor 4 (EC 2.3.2.27) (Cysteine-rich motif associated to RING and Traf domains protein 1)	Traf4 Cart1	Mus musculus (Mouse)	470	identical protein binding [GO:0042802]; protein kinase binding [GO:0019901]; thioesterase binding [GO:0031996]; transferase activity [GO:0016740]; tumor necrosis factor receptor binding [GO:0005164]; ubiquitin protein ligase binding [GO:0031625]; WW domain binding [GO:0050699]; zinc ion binding [GO:0008270]
AGER	Q62151	reviewed	RAGE_MOUSE	Advanced glycosylation end product-specific receptor (Receptor for advanced glycosylation end products)	Ager Rage	Mus musculus (Mouse)	402	amyloid-beta binding [GO:0001540]; high mobility group box 1 binding [GO:0070379]; identical protein binding [GO:0042802]; laminin receptor activity [GO:0005055]; molecular adaptor activity [GO:0060090]; protein-containing complex binding [GO:0044877]; S100 protein binding [GO:0044548]; signaling receptor activity [GO:0038023]
TTF1	Q62187	reviewed	TTF1_MOUSE	Transcription termination factor 1 (TTF-1) (RNA polymerase I termination factor) (Transcription termination factor I) (TTF-I) (mTFF-I)	Ttf1	Mus musculus (Mouse)	859	chromatin binding [GO:0003682]; DNA binding [GO:0003677]
BIRC2	Q62210	reviewed	BIRC2_MOUSE	Baculoviral IAP repeat-containing protein 2 (EC 2.3.2.27) (Cellular inhibitor of apoptosis 1) (C-IAP1) (Inhibitor of apoptosis protein 2) (mIAP2) (RING-type E3 ubiquitin transferase BIRC2)	Birc2	Mus musculus (Mouse)	612	cysteine-type endopeptidase inhibitor activity involved in apoptotic process [GO:0043027]; FBXO family protein binding [GO:0098770]; identical protein binding [GO:0042802]; protein-containing complex binding [GO:0044877]; protein-folding chaperone binding [GO:0051087]; transcription coactivator activity [GO:0003713]; transferase activity [GO:0016740]; ubiquitin binding [GO:0043130]; ubiquitin protein ligase activity [GO:0061630]; ubiquitin-protein transferase activity [GO:0004842]; zinc ion binding [GO:0008270]
KDM5D	Q62240	reviewed	KDM5D_MOUSE	Lysine-specific demethylase 5D (EC 1.14.11.67) (Histocompatibility Y antigen) (H-Y) (Histone demethylase JARID1D) (Jumonji/ARID domain-containing protein 1D) (Protein SmcY) ([histone H3]-trimethyl-L-lysine(4) demethylase 5D)	Kdm5d Hya Jarid1d Smcy	Mus musculus (Mouse)	1548	DNA binding [GO:0003677]; histone H3K4 demethylase activity [GO:0032453]; histone H3K4me/H3K4me2/H3K4me3 demethylase activity [GO:0034647]; metal ion binding [GO:0046872]; nuclear androgen receptor binding [GO:0050681]
POLR2K	Q63871	reviewed	RPAB4_MOUSE	DNA-directed RNA polymerases I, II, and III subunit RPABC4 (RNA polymerases I, II, and III subunit ABC4) (DNA-directed RNA polymerase II subunit K) (Metallothionein-I gene transcription activator) (RPB10alpha)	Polr2k Mt1a	Mus musculus (Mouse)	58	DNA binding [GO:0003677]; DNA-directed 5'-3' RNA polymerase activity [GO:0003899]; zinc ion binding [GO:0008270]
NUAK1	Q641K5	reviewed	NUAK1_MOUSE	NUAK family SNF1-like kinase 1 (EC 2.7.11.1) (AMPK-related protein kinase 5) (Omphalocele kinase 1)	Nuak1 Kiaa0537 Omphk1	Mus musculus (Mouse)	658	ATP binding [GO:0005524]; p53 binding [GO:0002039]; protein serine kinase activity [GO:0106310]; protein serine/threonine kinase activity [GO:0004674]
PTPN13	Q64512	reviewed	PTN13_MOUSE	Tyrosine-protein phosphatase non-receptor type 13 (EC 3.1.3.48) (PTP36) (Protein tyrosine phosphatase DPZPTP) (Protein tyrosine phosphatase PTP-BL) (Protein-tyrosine phosphatase RIP)	Ptpn13 Ptp14	Mus musculus (Mouse)	2453	phosphatidylinositol 3-kinase regulatory subunit binding [GO:0036312]; protein tyrosine phosphatase activity [GO:0004725]
TOX	Q66JW3	reviewed	TOX_MOUSE	Thymocyte selection-associated high mobility group box protein TOX (Thymus high mobility group box protein TOX)	Tox	Mus musculus (Mouse)	526	chromatin DNA binding [GO:0031490]
BCL9L	Q67FY2	reviewed	BCL9L_MOUSE	B-cell CLL/lymphoma 9-like protein (B-cell lymphoma 9-like protein) (BCL9-like protein) (BCL9-related beta-catenin-binding protein) (Protein BCL9-2)	Bcl9l B9l	Mus musculus (Mouse)	1494	beta-catenin binding [GO:0008013]; transcription coactivator activity [GO:0003713]
APEX2	Q68G58	reviewed	APEX2_MOUSE	DNA-(apurinic or apyrimidinic site) endonuclease 2 (EC 3.1.11.2) (APEX nuclease 2) (Apurinic-apyrimidinic endonuclease 2) (AP endonuclease 2)	Apex2 Ape2	Mus musculus (Mouse)	516	DNA binding [GO:0003677]; DNA-(apurinic or apyrimidinic site) endonuclease activity [GO:0003906]; double-stranded DNA 3'-5' DNA exonuclease activity [GO:0008311]; endonuclease activity [GO:0004519]; phosphoric diester hydrolase activity [GO:0008081]; zinc ion binding [GO:0008270]
N4BP1	Q6A037	reviewed	N4BP1_MOUSE	NEDD4-binding protein 1 (N4BP1) (EC 3.1.-.-)	N4bp1 Kiaa0615	Mus musculus (Mouse)	893	mRNA binding [GO:0003729]; RNA nuclease activity [GO:0004540]; ubiquitin binding [GO:0043130]
DUSP11	Q6NXK5	reviewed	DUS11_MOUSE	RNA/RNP complex-1-interacting phosphatase (EC 3.1.3.-) (Dual specificity protein phosphatase 11) (Phosphatase that interacts with RNA/RNP complex 1)	Dusp11 Pir1	Mus musculus (Mouse)	321	phosphatase activity [GO:0016791]; polynucleotide 5'-phosphatase activity [GO:0004651]; protein tyrosine phosphatase activity [GO:0004725]; protein tyrosine/serine/threonine phosphatase activity [GO:0008138]; RNA binding [GO:0003723]
ZNF280C	Q6P3Y5	reviewed	Z280C_MOUSE	Zinc finger protein 280C (Suppressor of hairy wing homolog 3)	Znf280c Kiaa1584 Suhw3 Zfp280c	Mus musculus (Mouse)	742	DNA-binding transcription factor activity, RNA polymerase II-specific [GO:0000981]; metal ion binding [GO:0046872]; RNA polymerase II cis-regulatory region sequence-specific DNA binding [GO:0000978]
SMUG1	Q6P5C5	reviewed	SMUG1_MOUSE	Single-strand selective monofunctional uracil DNA glycosylase (EC 3.2.2.-)	Smug1	Mus musculus (Mouse)	279	DNA N-glycosylase activity [GO:0019104]; identical protein binding [GO:0042802]; oxidized base lesion DNA N-glycosylase activity [GO:0000702]; oxidized pyrimidine nucleobase lesion DNA N-glycosylase activity [GO:0000703]; single-strand selective uracil DNA N-glycosylase activity [GO:0017065]; single-stranded DNA binding [GO:0003697]; uracil DNA N-glycosylase activity [GO:0004844]
HERC4	Q6PAV2	reviewed	HERC4_MOUSE	Probable E3 ubiquitin-protein ligase HERC4 (EC 2.3.2.26) (HECT domain and RCC1-like domain-containing protein 4) (HECT-type E3 ubiquitin transferase HERC4)	Herc4	Mus musculus (Mouse)	1057	ubiquitin protein ligase activity [GO:0061630]; ubiquitin-protein transferase activity [GO:0004842]
IP6K1	Q6PD10	reviewed	IP6K1_MOUSE	Inositol hexakisphosphate kinase 1 (InsP6 kinase 1) (EC 2.7.4.21) (Inositol hexaphosphate kinase 1)	Ip6k1 Ihpk1	Mus musculus (Mouse)	433	ATP binding [GO:0005524]; inositol hexakisphosphate 1-kinase activity [GO:0052723]; inositol hexakisphosphate 3-kinase activity [GO:0052724]; inositol hexakisphosphate 5-kinase activity [GO:0000832]; inositol hexakisphosphate kinase activity [GO:0000828]; inositol-1,3,4,5,6-pentakisphosphate kinase activity [GO:0000827]
TAF1C	Q6PDZ2	reviewed	TAF1C_MOUSE	TATA box-binding protein-associated factor RNA polymerase I subunit C (RNA polymerase I-specific TBP-associated factor 95 kDa) (TAFI95) (TATA box-binding protein-associated factor 1C) (TBP-associated factor 1C) (Transcription initiation factor SL1/TIF-IB subunit C)	Taf1c	Mus musculus (Mouse)	836	RNA polymerase I core promoter sequence-specific DNA binding [GO:0001164]; RNA polymerase I general transcription initiation factor activity [GO:0001181]
TIAM2	Q6ZPF3	reviewed	TIAM2_MOUSE	Rho guanine nucleotide exchange factor TIAM2 (SIF and TIAM1-like exchange factor) (T-lymphoma invasion and metastasis-inducing protein 2) (TIAM-2)	Tiam2 Kiaa2016 Stef	Mus musculus (Mouse)	1715	GTPase activator activity [GO:0005096]; guanyl-nucleotide exchange factor activity [GO:0005085]
CFAP97	Q6ZPR1	reviewed	CFA97_MOUSE	Cilia- and flagella-associated protein 97	Cfap97 Kiaa1430	Mus musculus (Mouse)	541	
TAOK2	Q6ZQ29	reviewed	TAOK2_MOUSE	Serine/threonine-protein kinase TAO2 (EC 2.7.11.1) (Thousand and one amino acid protein 2)	Taok2 Kiaa0881	Mus musculus (Mouse)	1240	ATP binding [GO:0005524]; MAP kinase kinase kinase activity [GO:0004709]; mitogen-activated protein kinase kinase binding [GO:0031434]; neuropilin binding [GO:0038191]; protein serine kinase activity [GO:0106310]; protein serine/threonine kinase activity [GO:0004674]
ZNRF2	Q71FD5	reviewed	ZNRF2_MOUSE	E3 ubiquitin-protein ligase ZNRF2 (EC 2.3.2.27) (RING-type E3 ubiquitin transferase ZNRF2) (Zinc/RING finger protein 2)	Znrf2	Mus musculus (Mouse)	238	metal ion binding [GO:0046872]; ubiquitin protein ligase activity [GO:0061630]
FBLIM1	Q71FD7	reviewed	FBLI1_MOUSE	Filamin-binding LIM protein 1 (FBLP-1) (CSX-associated LIM)	Fblim1 Cal	Mus musculus (Mouse)	375	filamin binding [GO:0031005]; metal ion binding [GO:0046872]
ST6GAL2	Q76K27	reviewed	SIAT2_MOUSE	Beta-galactoside alpha-2,6-sialyltransferase 2 (Alpha 2,6-ST 2) (EC 2.4.3.1) (CMP-N-acetylneuraminate-beta-galactosamide-alpha-2,6-sialyltransferase 2) (ST6Gal II) (ST6GalII) (Sialyltransferase 2)	St6gal2 Kiaa1877	Mus musculus (Mouse)	524	beta-galactoside alpha-2,6-sialyltransferase activity [GO:0003835]; sialyltransferase activity [GO:0008373]
POLR1G	Q76KJ5	reviewed	RPA34_MOUSE	DNA-directed RNA polymerase I subunit RPA34 (A34.5) (DNA-directed RNA polymerase I subunit G) (RNA polymerase I-associated factor PAF49)	Polr1g Ase1 Cd3eap Paf49	Mus musculus (Mouse)	399	
POLR1F	Q78WZ7	reviewed	RPA43_MOUSE	DNA-directed RNA polymerase I subunit RPA43 (DNA-directed RNA polymerase I subunit F) (Twist neighbor protein)	Polr1f Twistnb	Mus musculus (Mouse)	330	
POLR1H	Q791N7	reviewed	RPA12_MOUSE	DNA-directed RNA polymerase I subunit RPA12 (DNA-directed RNA polymerase I subunit H) (Zinc ribbon domain-containing protein 1)	Polr1h Rpa12 Znrd1	Mus musculus (Mouse)	123	DNA-directed 5'-3' RNA polymerase activity [GO:0003899]; nucleic acid binding [GO:0003676]; zinc ion binding [GO:0008270]
MYBBP1A	Q7TPV4	reviewed	MBB1A_MOUSE	Myb-binding protein 1A (Myb-binding protein of 160 kDa)	Mybbp1a P160	Mus musculus (Mouse)	1344	E-box binding [GO:0070888]; sequence-specific DNA binding [GO:0043565]; transcription corepressor activity [GO:0003714]; zinc ion binding [GO:0008270]
SUPT20H	Q7TT00	reviewed	SP20H_MOUSE	Transcription factor SPT20 homolog (p38-interacting protein) (p38IP)	Supt20h D3Ertd300e Fam48a Supt20	Mus musculus (Mouse)	530	transcription coregulator activity [GO:0003712]
DNAAF9	Q7TT23	reviewed	DAAF9_MOUSE	Dynein axonemal assembly factor 9 (DNAAF9)	Dnaaf9	Mus musculus (Mouse)	1179	
MON2	Q80TL7	reviewed	MON2_MOUSE	Protein MON2 homolog (Protein SF21)	Mon2 Kiaa1040 Sf21	Mus musculus (Mouse)	1715	
DCAF1	Q80TR8	reviewed	DCAF1_MOUSE	DDB1- and CUL4-associated factor 1 (Serine/threonine-protein kinase VPRBP) (EC 2.7.11.1)	Dcaf1 Kiaa0800 Vprbp	Mus musculus (Mouse)	1506	ATP binding [GO:0005524]; histone H2AT120 kinase activity [GO:1990244]; nuclear estrogen receptor binding [GO:0030331]; protein serine kinase activity [GO:0106310]; ubiquitin ligase-substrate adaptor activity [GO:1990756]
VGLL4	Q80V24	reviewed	VGLL4_MOUSE	Transcription cofactor vestigial-like protein 4 (Vgl-4)	Vgll4	Mus musculus (Mouse)	287	transcription coactivator binding [GO:0001223]
IP6K2	Q80V72	reviewed	IP6K2_MOUSE	Inositol hexakisphosphate kinase 2 (InsP6 kinase 2) (EC 2.7.4.-) (P(i)-uptake stimulator) (PiUS)	Ip6k2 Ihpk2	Mus musculus (Mouse)	448	ATP binding [GO:0005524]; flavonoid binding [GO:0097243]; inositol hexakisphosphate 5-kinase activity [GO:0000832]; inositol hexakisphosphate kinase activity [GO:0000828]; protein-containing complex binding [GO:0044877]
AKNA	Q80VW7	reviewed	AKNA_MOUSE	Microtubule organization protein AKNA (AT-hook-containing transcription factor)	Akna Kiaa1968	Mus musculus (Mouse)	1404	DNA binding [GO:0003677]
BTBD10	Q80X66	reviewed	BTBDA_MOUSE	BTB/POZ domain-containing protein 10 (Glucose metabolism-related protein 1)	Btbd10 Gmrp1	Mus musculus (Mouse)	475	
PELO	Q80X73	reviewed	PELO_MOUSE	Protein pelota homolog	Pelo	Mus musculus (Mouse)	385	metal ion binding [GO:0046872]; ribosome binding [GO:0043022]; stalled ribosome sensor activity [GO:0170011]
KXD1	Q80XH1	reviewed	KXDL1_MOUSE	KxDL motif-containing protein 1	Kxd1	Mus musculus (Mouse)	177	
FAM76B	Q80XP8	reviewed	FA76B_MOUSE	Protein FAM76B	Fam76b	Mus musculus (Mouse)	339	
JAZF1	Q80ZQ5	reviewed	JAZF1_MOUSE	Juxtaposed with another zinc finger protein 1	Jazf1	Mus musculus (Mouse)	243	metal ion binding [GO:0046872]; transcription corepressor activity [GO:0003714]
ARHGAP32	Q811P8	reviewed	RHG32_MOUSE	Rho GTPase-activating protein 32 (Brain-specific Rho GTPase-activating protein) (GAB-associated Cdc42/Rac GTPase-activating protein) (GC-GAP) (Rho-type GTPase-activating protein 32) (Rho/Cdc42/Rac GTPase-activating protein RICS) (RhoGAP involved in the beta-catenin-N-cadherin and NMDA receptor signaling) (p200RhoGAP) (p250GAP)	Arhgap32 Grit Kiaa0712 Rics	Mus musculus (Mouse)	2089	GTPase activator activity [GO:0005096]; phosphatidylinositol phosphate binding [GO:1901981]
INO80C	Q8BHA0	reviewed	IN80C_MOUSE	INO80 complex subunit C	Ino80c	Mus musculus (Mouse)	191	
CEMIP	Q8BI06	reviewed	CEMIP_MOUSE	Cell migration-inducing and hyaluronan-binding protein (EC 3.2.1.35) (Hyaluronan binding protein involved in hyaluronan depolymerization) (Protein 12H19.01.T7)	Cemip Hybid Kiaa1199	Mus musculus (Mouse)	1361	carbohydrate binding [GO:0030246]; clathrin heavy chain binding [GO:0032050]; ER retention sequence binding [GO:0046923]; hyaluronic acid binding [GO:0005540]; hyalurononglucosaminidase activity [GO:0004415]
CARF	Q8BI72	reviewed	CARF_MOUSE	CDKN2A-interacting protein (Collaborator of ARF)	Cdkn2aip Carf	Mus musculus (Mouse)	563	p53 binding [GO:0002039]; RNA binding [GO:0003723]
ZNF689	Q8BKK5	reviewed	ZN689_MOUSE	Zinc finger protein 689	Znf689 Zfp689	Mus musculus (Mouse)	500	DNA-binding transcription factor activity, RNA polymerase II-specific [GO:0000981]; histone binding [GO:0042393]; metal ion binding [GO:0046872]; RNA polymerase II cis-regulatory region sequence-specific DNA binding [GO:0000978]
TBCK	Q8BM85	reviewed	TBCK_MOUSE	TBC domain-containing protein kinase-like protein	Tbck	Mus musculus (Mouse)	762	GTPase activator activity [GO:0005096]
TMEM177	Q8BPE4	reviewed	TM177_MOUSE	Transmembrane protein 177	Tmem177	Mus musculus (Mouse)	311	
ATOSB	Q8BR27	reviewed	ATOSB_MOUSE	Atos homolog protein B	Atosb Fam214b Kiaa1539	Mus musculus (Mouse)	538	
BORA	Q8BS90	reviewed	BORA_MOUSE	Protein aurora borealis	Bora	Mus musculus (Mouse)	525	protein kinase binding [GO:0019901]
BEND7	Q8BSV3	reviewed	BEND7_MOUSE	BEN domain-containing protein 7	Bend7	Mus musculus (Mouse)	434	DNA binding [GO:0003677]
COA4	Q8BT51	reviewed	COA4_MOUSE	Cytochrome c oxidase assembly factor 4 homolog, mitochondrial (Coiled-coil-helix-coiled-coil-helix domain-containing protein 8)	COA4 Chchd8	Mus musculus (Mouse)	87	
LENG9	Q8BTN6	reviewed	LENG9_MOUSE	Leukocyte receptor cluster member 9	Leng9	Mus musculus (Mouse)	485	metal ion binding [GO:0046872]
LRP12	Q8BUJ9	reviewed	LRP12_MOUSE	Low-density lipoprotein receptor-related protein 12 (LRP-12)	Lrp12	Mus musculus (Mouse)	858	
KDM4A	Q8BW72	reviewed	KDM4A_MOUSE	Lysine-specific demethylase 4A (EC 1.14.11.66) (EC 1.14.11.69) (JmjC domain-containing histone demethylation protein 3A) (Jumonji domain-containing protein 2A) ([histone H3]-trimethyl-L-lysine(36) demethylase 4A) ([histone H3]-trimethyl-L-lysine(9) demethylase 4A)	Kdm4a Jhdm3a Jmjd2 Jmjd2a Kiaa0677	Mus musculus (Mouse)	1064	histone demethylase activity [GO:0032452]; histone H3K36 demethylase activity [GO:0051864]; histone H3K36me2/H3K36me3 demethylase activity [GO:0140681]; histone H3K9 demethylase activity [GO:0032454]; histone H3K9me2/H3K9me3 demethylase activity [GO:0140684]; methylated histone binding [GO:0035064]; ubiquitin protein ligase binding [GO:0031625]; zinc ion binding [GO:0008270]
LARP4	Q8BWW4	reviewed	LARP4_MOUSE	La-related protein 4 (La ribonucleoprotein domain family member 4)	Larp4	Mus musculus (Mouse)	719	mRNA 3'-UTR binding [GO:0003730]; poly(A) binding [GO:0008143]
TRERF1	Q8BXJ2	reviewed	TREF1_MOUSE	Transcriptional-regulating factor 1 (Transcriptional-regulating protein 132) (Zinc finger transcription factor TReP-132)	Trerf1	Mus musculus (Mouse)	1205	DNA binding [GO:0003677]; metal ion binding [GO:0046872]; nuclear progesterone receptor binding [GO:0033142]; nuclear receptor coactivator activity [GO:0030374]; transcription coactivator activity [GO:0003713]; transcription coactivator binding [GO:0001223]; transcription corepressor activity [GO:0003714]
ZNF385B	Q8BXJ8	reviewed	Z385B_MOUSE	Zinc finger protein 385B (Zinc finger protein 533)	Znf385b Zfp385b Zfp533 Znf533	Mus musculus (Mouse)	482	nucleic acid binding [GO:0003676]; p53 binding [GO:0002039]; zinc ion binding [GO:0008270]
TMEM62	Q8BXJ9	reviewed	TMM62_MOUSE	Transmembrane protein 62	Tmem62	Mus musculus (Mouse)	643	hydrolase activity [GO:0016787]
KAT6A	Q8BZ21	reviewed	KAT6A_MOUSE	Histone acetyltransferase KAT6A (EC 2.3.1.48) (MOZ, YBF2/SAS3, SAS2 and TIP60 protein 3) (MYST-3) (Monocytic leukemia zinc finger homolog) (Monocytic leukemia zinc finger protein)	Kat6a Moz Myst3	Mus musculus (Mouse)	2003	chromatin binding [GO:0003682]; DNA binding [GO:0003677]; DNA-binding transcription factor binding [GO:0140297]; histone acetyltransferase activity [GO:0004402]; histone H3K14 acetyltransferase activity [GO:0036408]; histone H3K9 acetyltransferase activity [GO:0043992]; histone H4K12 acetyltransferase activity [GO:0043997]; histone H4K16 acetyltransferase activity [GO:0046972]; histone H4K5 acetyltransferase activity [GO:0043995]; histone H4K8 acetyltransferase activity [GO:0043996]; transcription coactivator activity [GO:0003713]; transcription coregulator activity [GO:0003712]; zinc ion binding [GO:0008270]
SOWAHB	Q8BZW2	reviewed	SWAHB_MOUSE	Ankyrin repeat domain-containing protein SOWAHB (Ankyrin repeat domain-containing protein 56) (Protein sosondowah homolog B)	Sowahb Ankrd56	Mus musculus (Mouse)	760	
DZANK1	Q8C008	reviewed	DZAN1_MOUSE	Double zinc ribbon and ankyrin repeat-containing protein 1	Dzank1	Mus musculus (Mouse)	778	metal ion binding [GO:0046872]
USP44	Q8C2S0	reviewed	UBP44_MOUSE	Ubiquitin carboxyl-terminal hydrolase 44 (EC 3.4.19.12) (Deubiquitinating enzyme 44) (Ubiquitin thioesterase 44) (Ubiquitin-specific-processing protease 44)	Usp44	Mus musculus (Mouse)	711	cysteine-type deubiquitinase activity [GO:0004843]; deubiquitinase activity [GO:0101005]; zinc ion binding [GO:0008270]
SUCO	Q8C341	reviewed	SUCO_MOUSE	SUN domain-containing ossification factor (Membrane protein CH1) (Protein osteopotentia) (SUN-like protein 1)	Suco Opt	Mus musculus (Mouse)	1250	
RAE1	Q8C570	reviewed	RAE1L_MOUSE	mRNA export factor (Rae1 protein homolog) (mRNA-associated protein mrnp 41)	Rae1 Mrnp41	Mus musculus (Mouse)	368	RNA binding [GO:0003723]; ubiquitin binding [GO:0043130]
CFAP36	Q8C6E0	reviewed	CFA36_MOUSE	Cilia- and flagella-associated protein 36 (Coiled-coil domain-containing protein 104)	Cfap36 Ccdc104	Mus musculus (Mouse)	343	
PHF21B	Q8C966	reviewed	PF21B_MOUSE	PHD finger protein 21B	Phf21b	Mus musculus (Mouse)	487	metal ion binding [GO:0046872]
RSAD2	Q8CBB9	reviewed	RSAD2_MOUSE	S-adenosylmethionine-dependent nucleotide dehydratase RSAD2 (SAND) (EC 4.2.-.-) (Radical S-adenosyl methionine domain-containing protein 2) (Virus inhibitory protein, endoplasmic reticulum-associated, interferon-inducible) (Viperin)	Rsad2 Vig1	Mus musculus (Mouse)	362	4 iron, 4 sulfur cluster binding [GO:0051539]; lyase activity [GO:0016829]; metal ion binding [GO:0046872]; protein self-association [GO:0043621]
PARS2	Q8CFI5	reviewed	SYPM_MOUSE	Probable proline--tRNA ligase, mitochondrial (EC 6.1.1.15) (Prolyl-tRNA synthetase) (ProRS)	Pars2	Mus musculus (Mouse)	475	ATP binding [GO:0005524]; proline-tRNA ligase activity [GO:0004827]
ZSWIM3	Q8CFL8	reviewed	ZSWM3_MOUSE	Zinc finger SWIM domain-containing protein 3	Zswim3	Mus musculus (Mouse)	695	zinc ion binding [GO:0008270]
SPATA2	Q8K004	reviewed	SPAT2_MOUSE	Spermatogenesis-associated protein 2	Spata2	Mus musculus (Mouse)	515	protein-containing complex binding [GO:0044877]; signaling receptor complex adaptor activity [GO:0030159]; ubiquitin-specific protease binding [GO:1990381]
OPLAH	Q8K010	reviewed	OPLA_MOUSE	5-oxoprolinase (EC 3.5.2.9) (5-oxo-L-prolinase) (5-OPase) (Pyroglutamase)	Oplah	Mus musculus (Mouse)	1288	5-oxoprolinase (ATP-hydrolyzing) activity [GO:0017168]; ATP binding [GO:0005524]; identical protein binding [GO:0042802]
SAMD14	Q8K070	reviewed	SAM14_MOUSE	Sterile alpha motif domain-containing protein 14 (SAM domain-containing protein 14)	Samd14	Mus musculus (Mouse)	417	actin filament binding [GO:0051015]
ASB2	Q8K0L0	reviewed	ASB2_MOUSE	Ankyrin repeat and SOCS box protein 2 (ASB-2)	Asb2	Mus musculus (Mouse)	634	cullin family protein binding [GO:0097602]; ubiquitin protein ligase activity [GO:0061630]
CC2D1A	Q8K1A6	reviewed	C2D1A_MOUSE	Coiled-coil and C2 domain-containing protein 1A (Five prime repressor element under dual repression-binding protein 1) (FRE under dual repression-binding protein 1) (Freud-1)	Cc2d1a	Mus musculus (Mouse)	943	DNA-binding transcription factor activity, RNA polymerase II-specific [GO:0000981]; DNA-binding transcription repressor activity, RNA polymerase II-specific [GO:0001227]; RNA polymerase II cis-regulatory region sequence-specific DNA binding [GO:0000978]
POLR1E	Q8K202	reviewed	RPA49_MOUSE	DNA-directed RNA polymerase I subunit RPA49 (RNA polymerase I subunit A49) (DNA-directed RNA polymerase I subunit E) (RNA polymerase I-associated factor 1) (RNA polymerase I-associated factor 53)	Polr1e Paf53 Praf1	Mus musculus (Mouse)	482	DNA binding [GO:0003677]; RNA polymerase I general transcription initiation factor binding [GO:0001179]
PAF1	Q8K2T8	reviewed	PAF1_MOUSE	RNA polymerase II-associated factor 1 homolog	Paf1	Mus musculus (Mouse)	535	chromatin binding [GO:0003682]; RNA polymerase II complex binding [GO:0000993]
MYRIP	Q8K3I4	reviewed	MYRIP_MOUSE	Rab effector MyRIP (Exophilin-8) (Myosin-VIIa- and Rab-interacting protein) (Synaptotagmin-like protein lacking C2 domains C) (SlaC2-c) (Slp homolog lacking C2 domains c)	Myrip Slac2c	Mus musculus (Mouse)	856	actin binding [GO:0003779]; metal ion binding [GO:0046872]; myosin binding [GO:0017022]; protein kinase A binding [GO:0051018]; small GTPase binding [GO:0031267]
WDR33	Q8K4P0	reviewed	WDR33_MOUSE	pre-mRNA 3' end processing protein WDR33 (WD repeat-containing protein 33) (WD repeat-containing protein of 146 kDa)	Wdr33 Wdc146	Mus musculus (Mouse)	1330	
HECW1	Q8K4P8	reviewed	HECW1_MOUSE	E3 ubiquitin-protein ligase HECW1 (EC 2.3.2.26) (HECT, C2 and WW domain-containing protein 1) (HECT-type E3 ubiquitin transferase HECW1) (NEDD4-like E3 ubiquitin-protein ligase 1) (mNEDL1)	Hecw1 Kiaa0322 Nedl1	Mus musculus (Mouse)	1604	ubiquitin protein ligase activity [GO:0061630]
SPNS1	Q8R0G7	reviewed	SPNS1_MOUSE	Protein spinster homolog 1 (MSpin1) (Spns1)	Spns1	Mus musculus (Mouse)	528	transmembrane transporter activity [GO:0022857]
UTP4	Q8R2N2	reviewed	UTP4_MOUSE	U3 small nucleolar RNA-associated protein 4 homolog (Cirhin) (Testis-expressed gene 292 protein)	Utp4 Cirh1a Kiaa1988 Tex292	Mus musculus (Mouse)	686	
PSPC1	Q8R326	reviewed	PSPC1_MOUSE	Paraspeckle component 1 (Paraspeckle protein 1) (mPSP1)	Pspc1 Psp1	Mus musculus (Mouse)	523	RNA binding [GO:0003723]
RERG	Q8R367	reviewed	RERG_MOUSE	Ras-related and estrogen-regulated growth inhibitor (EC 3.6.5.2)	Rerg	Mus musculus (Mouse)	199	G protein activity [GO:0003925]; GDP binding [GO:0019003]; GTP binding [GO:0005525]; GTPase activity [GO:0003924]
RPAP2	Q8VC34	reviewed	RPAP2_MOUSE	Putative RNA polymerase II subunit B1 CTD phosphatase Rpap2 (EC 3.1.3.16) (RNA polymerase II-associated protein 2)	Rpap2	Mus musculus (Mouse)	614	metal ion binding [GO:0046872]; myosin phosphatase activity [GO:0017018]; protein serine/threonine phosphatase activity [GO:0004722]; RNA polymerase core enzyme binding [GO:0043175]; RNA polymerase II CTD heptapeptide repeat phosphatase activity [GO:0008420]
RBMS2	Q8VC70	reviewed	RBMS2_MOUSE	RNA-binding motif, single-stranded-interacting protein 2	Rbms2	Mus musculus (Mouse)	383	mRNA 3'-UTR binding [GO:0003730]; poly(A) binding [GO:0008143]; poly(U) RNA binding [GO:0008266]
SGMS1	Q8VCQ6	reviewed	SMS1_MOUSE	Phosphatidylcholine:ceramide cholinephosphotransferase 1 (EC 2.7.8.27) (Protein Mob) (Sphingomyelin synthase 1) (Transmembrane protein 23)	Sgms1 Tmem23	Mus musculus (Mouse)	419	ceramide cholinephosphotransferase activity [GO:0047493]; ceramide phosphoethanolamine synthase activity [GO:0002950]; kinase activity [GO:0016301]; sphingomyelin synthase activity [GO:0033188]
TMEM143	Q8VD26	reviewed	TM143_MOUSE	Transmembrane protein 143	Tmem143	Mus musculus (Mouse)	458	
CARF	Q8VHI4	reviewed	CARTF_MOUSE	Calcium-responsive transcription factor (Amyotrophic lateral sclerosis 2 chromosomal region candidate gene 8 protein) (Calcium-response factor) (CaRF)	Carf Als2cr8	Mus musculus (Mouse)	689	DNA binding [GO:0003677]; DNA-binding transcription activator activity, RNA polymerase II-specific [GO:0001228]; DNA-binding transcription factor activity, RNA polymerase II-specific [GO:0000981]; RNA polymerase II cis-regulatory region sequence-specific DNA binding [GO:0000978]
CACNG6	Q8VHW3	reviewed	CCG6_MOUSE	Voltage-dependent calcium channel gamma-6 subunit (Neuronal voltage-gated calcium channel gamma-6 subunit)	Cacng6	Mus musculus (Mouse)	260	calcium channel activity [GO:0005262]; calcium channel regulator activity [GO:0005246]
B3GNT9	Q8VI16	reviewed	B3GN9_MOUSE	UDP-GlcNAc:betaGal beta-1,3-N-acetylglucosaminyltransferase 9 (BGnT-9) (Beta-1,3-Gn-T9) (Beta-1,3-N-acetylglucosaminyltransferase 9) (Beta3Gn-T9) (EC 2.4.1.-)	B3gnt9	Mus musculus (Mouse)	399	hexosyltransferase activity [GO:0016758]; UDP-glycosyltransferase activity [GO:0008194]
LRRC26	Q91W20	reviewed	LRC26_MOUSE	Leucine-rich repeat-containing protein 26 (BK channel auxiliary gamma subunit LRRC26)	Lrrc26	Mus musculus (Mouse)	331	potassium channel activator activity [GO:0099104]; potassium channel regulator activity [GO:0015459]; transmembrane transporter binding [GO:0044325]; voltage-gated potassium channel activity [GO:0005249]
GINM1	Q91WR6	reviewed	GINM1_MOUSE	Glycoprotein integral membrane protein 1	Ginm1	Mus musculus (Mouse)	327	
VILL	Q91YD6	reviewed	VILL_MOUSE	Villin-like protein (EF-6)	Vill Villp	Mus musculus (Mouse)	859	actin filament binding [GO:0051015]; phosphatidylinositol-4,5-bisphosphate binding [GO:0005546]
THYN1	Q91YJ3	reviewed	THYN1_MOUSE	Thymocyte nuclear protein 1 (Thymocyte protein Thy28) (mThy28)	Thyn1 Thy28	Mus musculus (Mouse)	226	
MUS81	Q91ZJ0	reviewed	MUS81_MOUSE	Crossover junction endonuclease MUS81 (EC 3.1.22.-)	Mus81	Mus musculus (Mouse)	551	3'-flap endonuclease activity [GO:0048257]; crossover junction DNA endonuclease activity [GO:0008821]; DNA binding [GO:0003677]; endonuclease activity [GO:0004519]; metal ion binding [GO:0046872]
SMARCA5	Q91ZW3	reviewed	SMCA5_MOUSE	SWI/SNF-related matrix-associated actin-dependent regulator of chromatin subfamily A member 5 (EC 3.6.4.-) (Sucrose nonfermenting protein 2 homolog) (mSnf2h)	Smarca5 Snf2h	Mus musculus (Mouse)	1051	ATP binding [GO:0005524]; ATP hydrolysis activity [GO:0016887]; ATP-dependent activity, acting on DNA [GO:0008094]; ATP-dependent chromatin remodeler activity [GO:0140658]; DNA binding [GO:0003677]; helicase activity [GO:0004386]; histone binding [GO:0042393]; histone octamer slider activity [GO:0140751]; nucleosome binding [GO:0031491]
SUPT16H	Q920B9	reviewed	SP16H_MOUSE	FACT complex subunit SPT16 (Chromatin-specific transcription elongation factor 140 kDa subunit) (FACT 140 kDa subunit) (FACTp140) (Facilitates chromatin transcription complex subunit SPT16)	Supt16h Fact140 Factp140 Supt16	Mus musculus (Mouse)	1047	nucleosome binding [GO:0031491]
ALG1	Q921Q3	reviewed	ALG1_MOUSE	Chitobiosyldiphosphodolichol beta-mannosyltransferase (EC 2.4.1.142) (Asparagine-linked glycosylation protein 1 homolog) (Beta-1,4-mannosyltransferase) (GDP-Man:GlcNAc2-PP-dolichol mannosyltransferase) (GDP-mannose-dolichol diphosphochitobiose mannosyltransferase)	Alg1	Mus musculus (Mouse)	482	chitobiosyldiphosphodolichol beta-mannosyltransferase activity [GO:0004578]; mannosyltransferase activity [GO:0000030]
PDIA5	Q921X9	reviewed	PDIA5_MOUSE	Protein disulfide-isomerase A5 (EC 5.3.4.1) (Protein disulfide isomerase-related protein)	Pdia5 Pdir	Mus musculus (Mouse)	517	protein disulfide isomerase activity [GO:0003756]; protein-disulfide reductase activity [GO:0015035]
PHAF1	Q922R1	reviewed	PHAF1_MOUSE	Phagosome assembly factor 1	Phaf1	Mus musculus (Mouse)	422	glutamate receptor binding [GO:0035254]; PDZ domain binding [GO:0030165]
PLRG1	Q922V4	reviewed	PLRG1_MOUSE	Pleiotropic regulator 1	Plrg1	Mus musculus (Mouse)	513	
PRMT7	Q922X9	reviewed	ANM7_MOUSE	Protein arginine N-methyltransferase 7 (EC 2.1.1.321) (Histone-arginine N-methyltransferase PRMT7) ([Myelin basic protein]-arginine N-methyltransferase PRMT7)	Prmt7 Kiaa1933	Mus musculus (Mouse)	692	histone binding [GO:0042393]; histone H4 methyltransferase activity [GO:0140939]; histone H4R3 methyltransferase activity [GO:0044020]; protein-arginine omega-N monomethyltransferase activity [GO:0035241]; protein-arginine omega-N symmetric methyltransferase activity [GO:0035243]; ribonucleoprotein complex binding [GO:0043021]; S-adenosylmethionine-dependent methyltransferase activity [GO:0008757]
SIRT1	Q923E4	reviewed	SIR1_MOUSE	NAD-dependent protein deacetylase sirtuin-1 (EC 2.3.1.286) (NAD-dependent protein deacylase sirtuin-1) (EC 2.3.1.-) (Regulatory protein SIR2 homolog 1) (SIR2-like protein 1) (SIR2alpha) (Sir2) (mSIR2a) [Cleaved into: SirtT1 75 kDa fragment (75SirT1)]	Sirt1 Sir2l1	Mus musculus (Mouse)	737	bHLH transcription factor binding [GO:0043425]; deacetylase activity [GO:0019213]; DNA-binding transcription factor binding [GO:0140297]; enzyme binding [GO:0019899]; histone binding [GO:0042393]; histone deacetylase activity [GO:0004407]; histone H3K deacetylase activity [GO:0141050]; histone H4K12 deacetylase activity [GO:0140937]; HLH domain binding [GO:0043398]; identical protein binding [GO:0042802]; keratin filament binding [GO:1990254]; lysine-acetylated histone binding [GO:0070577]; metal ion binding [GO:0046872]; mitogen-activated protein kinase binding [GO:0051019]; NAD+ binding [GO:0070403]; NAD-dependent histone deacetylase activity [GO:0017136]; NAD-dependent histone decrotonylase activity [GO:0160012]; NAD-dependent histone H3K14 deacetylase activity [GO:0032041]; NAD-dependent histone H3K9 deacetylase activity [GO:0046969]; NAD-dependent histone H4K16 deacetylase activity [GO:0046970]; NAD-dependent protein deacetylase activity [GO:0034979]; nuclear receptor binding [GO:0016922]; p53 binding [GO:0002039]; promoter-specific chromatin binding [GO:1990841]; protein domain specific binding [GO:0019904]; protein kinase B binding [GO:0043422]; protein lysine deacetylase activity [GO:0033558]; protein-propionyllysine depropionylase activity [GO:0106231]; RNA polymerase II cis-regulatory region sequence-specific DNA binding [GO:0000978]; transcription coactivator activity [GO:0003713]; transcription corepressor activity [GO:0003714]
DQX1	Q924H9	reviewed	DQX1_MOUSE	ATP-dependent RNA helicase DQX1 (EC 3.6.4.12) (DEAQ box polypeptide 1)	Dqx1	Mus musculus (Mouse)	718	ATP binding [GO:0005524]; ATP hydrolysis activity [GO:0016887]; helicase activity [GO:0004386]; RNA binding [GO:0003723]
CTTNBP2NL	Q99LJ0	reviewed	CT2NL_MOUSE	CTTNBP2 N-terminal-like protein	Cttnbp2nl Kiaa1433	Mus musculus (Mouse)	638	protein phosphatase 2A binding [GO:0051721]
NKD1	Q99MH6	reviewed	NKD1_MOUSE	Protein naked cuticle homolog 1 (Naked-1) (mNkd) (mNkd1)	Nkd1	Mus musculus (Mouse)	471	calcium ion binding [GO:0005509]; PDZ domain binding [GO:0030165]
SYTL3	Q99N48	reviewed	SYTL3_MOUSE	Synaptotagmin-like protein 3 (Exophilin-6)	Sytl3 Slp3	Mus musculus (Mouse)	607	calcium-dependent phospholipid binding [GO:0005544]; neurexin family protein binding [GO:0042043]; phospholipid binding [GO:0005543]; small GTPase binding [GO:0031267]; zinc ion binding [GO:0008270]
BCL11B	Q99PV8	reviewed	BC11B_MOUSE	B-cell lymphoma/leukemia 11B (BCL-11B) (B-cell CLL/lymphoma 11B) (COUP-TF-interacting protein 2) (Radiation-induced tumor suppressor gene 1 protein) (mRit1)	Bcl11b Ctip2 Rit1	Mus musculus (Mouse)	884	DNA-binding transcription activator activity, RNA polymerase II-specific [GO:0001228]; DNA-binding transcription factor activity [GO:0003700]; metal ion binding [GO:0046872]; RNA polymerase II cis-regulatory region sequence-specific DNA binding [GO:0000978]; sequence-specific DNA binding [GO:0043565]; sequence-specific double-stranded DNA binding [GO:1990837]
CHCHD1	Q9CQA6	reviewed	CHCH1_MOUSE	Small ribosomal subunit protein mS37 (28S ribosomal protein S37, mitochondrial) (MRP-S37) (Coiled-coil-helix-coiled-coil-helix domain-containing protein 1)	Chchd1 Mrps37	Mus musculus (Mouse)	118	
LSM7	Q9CQQ8	reviewed	LSM7_MOUSE	U6 snRNA-associated Sm-like protein LSm7	Lsm7	Mus musculus (Mouse)	103	protein heterodimerization activity [GO:0046982]; RNA binding [GO:0003723]
MRI1	Q9CQT1	reviewed	MTNA_MOUSE	Methylthioribose-1-phosphate isomerase (M1Pi) (MTR-1-P isomerase) (EC 5.3.1.23) (S-methyl-5-thioribose-1-phosphate isomerase) (Translation initiation factor eIF-2B subunit alpha/beta/delta-like protein)	Mri1	Mus musculus (Mouse)	369	identical protein binding [GO:0042802]; S-methyl-5-thioribose-1-phosphate isomerase activity [GO:0046523]
ANKRD1	Q9CR42	reviewed	ANKR1_MOUSE	Ankyrin repeat domain-containing protein 1 (Cardiac ankyrin repeat protein)	Ankrd1 Carp	Mus musculus (Mouse)	319	DNA binding [GO:0003677]; histone deacetylase binding [GO:0042826]; p53 binding [GO:0002039]; R-SMAD binding [GO:0070412]; RNA polymerase II-specific DNA-binding transcription factor binding [GO:0061629]; titin binding [GO:0031432]; transcription coactivator activity [GO:0003713]; transcription corepressor activity [GO:0003714]
TPPP3	Q9CRB6	reviewed	TPPP3_MOUSE	Tubulin polymerization-promoting protein family member 3	Tppp3	Mus musculus (Mouse)	176	tubulin binding [GO:0015631]
RPAIN	Q9CWY9	reviewed	RIP_MOUSE	RPA-interacting protein	Rpain Rip	Mus musculus (Mouse)	219	metal ion binding [GO:0046872]; protein-containing complex binding [GO:0044877]
RGS19	Q9CX84	reviewed	RGS19_MOUSE	Regulator of G-protein signaling 19 (RGS19)	Rgs19	Mus musculus (Mouse)	216	G-protein alpha-subunit binding [GO:0001965]
DSN1	Q9CYC5	reviewed	DSN1_MOUSE	Kinetochore-associated protein DSN1 homolog	Dsn1	Mus musculus (Mouse)	348	
KLHL35	Q9CZ49	reviewed	KLH35_MOUSE	Kelch-like protein 35	Klhl35	Mus musculus (Mouse)	574	
BAMBI	Q9D0L6	reviewed	BAMBI_MOUSE	BMP and activin membrane-bound inhibitor homolog (Putative transmembrane protein NMA)	Bambi Nma	Mus musculus (Mouse)	260	frizzled binding [GO:0005109]
RNMT	Q9D0L8	reviewed	MCES_MOUSE	mRNA cap guanine-N7 methyltransferase (EC 2.1.1.56) (RG7MT1) (mRNA (guanine-N(7))-methyltransferase) (mRNA cap methyltransferase)	Rnmt Kiaa0398	Mus musculus (Mouse)	465	mRNA 5'-cap (guanine-N7-)-methyltransferase activity [GO:0004482]; RNA binding [GO:0003723]
TMEM50B	Q9D1X9	reviewed	TM50B_MOUSE	Transmembrane protein 50B	Tmem50b	Mus musculus (Mouse)	158	
ANKEF1	Q9D2J7	reviewed	ANKE1_MOUSE	Ankyrin repeat and EF-hand domain-containing protein 1 (Ankyrin repeat domain-containing protein 5)	Ankef1 Ankrd5	Mus musculus (Mouse)	775	
FAM111A	Q9D2L9	reviewed	F111A_MOUSE	Serine protease FAM111A (EC 3.4.21.-)	Fam111a	Mus musculus (Mouse)	613	peptidase activity [GO:0008233]; single-stranded DNA binding [GO:0003697]
EFHC2	Q9D485	reviewed	EFHC2_MOUSE	EF-hand domain-containing family member C2	Efhc2	Mus musculus (Mouse)	750	
EFHD1	Q9D4J1	reviewed	EFHD1_MOUSE	EF-hand domain-containing protein D1 (EF-hand domain-containing protein 1) (Mitocalcin) (Swiprosin-2)	Efhd1 Sws2	Mus musculus (Mouse)	240	calcium ion binding [GO:0005509]; calcium ion sensor activity [GO:0061891]
TMEM79	Q9D709	reviewed	TMM79_MOUSE	Transmembrane protein 79 (Mattrin)	Tmem79 Matt	Mus musculus (Mouse)	391	identical protein binding [GO:0042802]
EXOSC8	Q9D753	reviewed	EXOS8_MOUSE	Exosome complex component RRP43 (Exosome component 8) (Ribosomal RNA-processing protein 43)	Exosc8 Rrp43	Mus musculus (Mouse)	276	identical protein binding [GO:0042802]; mRNA 3'-UTR AU-rich region binding [GO:0035925]
LRRC46	Q9DAP0	reviewed	LRC46_MOUSE	Leucine-rich repeat-containing protein 46	Lrrc46	Mus musculus (Mouse)	323	
EIF4E3	Q9DBB5	reviewed	IF4E3_MOUSE	Eukaryotic translation initiation factor 4E type 3 (eIF-4E type 3) (eIF-4E3) (eIF4E type 3) (eIF4E-3)	Eif4e3	Mus musculus (Mouse)	207	RNA 7-methylguanosine cap binding [GO:0000340]; translation initiation factor activity [GO:0003743]
PELP1	Q9DBD5	reviewed	PELP1_MOUSE	Proline-, glutamic acid- and leucine-rich protein 1 (Modulator of non-genomic activity of estrogen receptor)	Pelp1 Mnar	Mus musculus (Mouse)	1123	chromatin binding [GO:0003682]; SUMO binding [GO:0032183]
TAX1BP3	Q9DBG9	reviewed	TX1B3_MOUSE	Tax1-binding protein 3 (Tax interaction protein 1) (TIP-1)	Tax1bp3	Mus musculus (Mouse)	124	beta-catenin binding [GO:0008013]
CSNK1D	Q9DC28	reviewed	KC1D_MOUSE	Casein kinase I isoform delta (CKI-delta) (CKId) (EC 2.7.11.1) (Tau-protein kinase CSNK1D) (EC 2.7.11.26)	Csnk1d Hckid	Mus musculus (Mouse)	415	ATP binding [GO:0005524]; kinase activity [GO:0016301]; protein kinase activity [GO:0004672]; protein serine kinase activity [GO:0106310]; protein serine/threonine kinase activity [GO:0004674]; tau-protein kinase activity [GO:0050321]
TBX20	Q9ES03	reviewed	TBX20_MOUSE	T-box transcription factor TBX20 (T-box protein 20)	Tbx20 Tbx12	Mus musculus (Mouse)	445	DNA binding [GO:0003677]; DNA-binding transcription activator activity, RNA polymerase II-specific [GO:0001228]; DNA-binding transcription factor activity [GO:0003700]; DNA-binding transcription factor activity, RNA polymerase II-specific [GO:0000981]; RNA polymerase II cis-regulatory region sequence-specific DNA binding [GO:0000978]; RNA polymerase II transcription regulatory region sequence-specific DNA binding [GO:0000977]; RNA polymerase II-specific DNA-binding transcription factor binding [GO:0061629]; sequence-specific double-stranded DNA binding [GO:1990837]
FOXJ2	Q9ES18	reviewed	FOXJ2_MOUSE	Forkhead box protein J2 (Fork head homologous X)	Foxj2 Fhx	Mus musculus (Mouse)	565	DNA-binding transcription activator activity, RNA polymerase II-specific [GO:0001228]; DNA-binding transcription factor activity, RNA polymerase II-specific [GO:0000981]; identical protein binding [GO:0042802]; RNA polymerase II cis-regulatory region sequence-specific DNA binding [GO:0000978]; sequence-specific DNA binding [GO:0043565]; sequence-specific double-stranded DNA binding [GO:1990837]
AFF4	Q9ESC8	reviewed	AFF4_MOUSE	AF4/FMR2 family member 4	Aff4 Alf4	Mus musculus (Mouse)	1160	
GRINA	Q9ESF4	reviewed	LFG1_MOUSE	Protein lifeguard 1 (Glutamate [NMDA] receptor-associated protein 1) (NMDA receptor glutamate-binding subunit)	Grina Lag Lfg1 Nmdara1	Mus musculus (Mouse)	345	transmembrane transporter binding [GO:0044325]
DCLRE1A	Q9JIC3	reviewed	DCR1A_MOUSE	DNA cross-link repair 1A protein (Beta-lactamase MBLAC2) (EC 3.5.2.6) (SNM1 homolog A)	Dclre1a Kiaa0086 Snm1 Snm1a	Mus musculus (Mouse)	1026	5'-3' DNA exonuclease activity [GO:0035312]; beta-lactamase activity [GO:0008800]; damaged DNA binding [GO:0003684]; metal ion binding [GO:0046872]
RBFOX1	Q9JJ43	reviewed	RFOX1_MOUSE	RNA binding protein fox-1 homolog 1 (Ataxin-2-binding protein 1) (Fox-1 homolog A)	Rbfox1 A2bp A2bp1 Fox1 MNCb-3035	Mus musculus (Mouse)	396	mRNA 3'-UTR binding [GO:0003730]; mRNA binding [GO:0003729]; RNA binding [GO:0003723]
FADS3	Q9JJE7	reviewed	FADS3_MOUSE	Fatty acid desaturase 3 (FADS3) (EC 1.14.19.-) (Delta(13) fatty acid desaturase) (Delta(13) desaturase)	Fads3 MNCb-0629	Mus musculus (Mouse)	449	oxidoreductase activity, acting on paired donors, with oxidation of a pair of donors resulting in the reduction of molecular oxygen to two molecules of water [GO:0016717]
ZFHX4	Q9JJN2	reviewed	ZFHX4_MOUSE	Zinc finger homeobox protein 4 (Zinc finger homeodomain protein 4) (ZFH-4)	Zfhx4 Zfh4	Mus musculus (Mouse)	3550	DNA-binding transcription factor activity, RNA polymerase II-specific [GO:0000981]; RNA polymerase II cis-regulatory region sequence-specific DNA binding [GO:0000978]; zinc ion binding [GO:0008270]
TMEM37	Q9JJV3	reviewed	CCGL_MOUSE	Voltage-dependent calcium channel gamma-like subunit (Neuronal voltage-gated calcium channel gamma-like subunit) (Transmembrane protein 37)	Tmem37 Cacng5 Pr Pr1	Mus musculus (Mouse)	211	calcium channel activity [GO:0005262]; voltage-gated monoatomic ion channel activity [GO:0005244]
PXMP4	Q9JJW0	reviewed	PXMP4_MOUSE	Peroxisomal membrane protein 4 (24 kDa peroxisomal intrinsic membrane protein)	Pxmp4 Pmp24	Mus musculus (Mouse)	212	
RCAN3	Q9JKK0	reviewed	RCAN3_MOUSE	Calcipressin-3 (Down syndrome candidate region 1-like protein 2) (Myocyte-enriched calcineurin-interacting protein 3) (MCIP3) (Regulator of calcineurin 3)	Rcan3 Dscr1l2	Mus musculus (Mouse)	239	calcium-dependent protein serine/threonine phosphatase regulator activity [GO:0008597]; nucleic acid binding [GO:0003676]; phosphatase binding [GO:0019902]; troponin I binding [GO:0031013]
TMOD2	Q9JKK7	reviewed	TMOD2_MOUSE	Tropomodulin-2 (Neuronal tropomodulin) (N-Tmod)	Tmod2	Mus musculus (Mouse)	351	actin binding [GO:0003779]; tropomyosin binding [GO:0005523]
CILK1	Q9JKV2	reviewed	CILK1_MOUSE	Serine/threonine-protein kinase ICK (EC 2.7.11.1) (Intestinal cell kinase) (mICK) (MAK-related kinase) (MRK)	Cilk1 Ick	Mus musculus (Mouse)	629	ATP binding [GO:0005524]; magnesium ion binding [GO:0000287]; protein kinase activity [GO:0004672]; protein serine kinase activity [GO:0106310]; protein serine/threonine kinase activity [GO:0004674]
SIGIRR	Q9JLZ8	reviewed	SIGIR_MOUSE	Single Ig IL-1-related receptor (Single Ig IL-1R-related molecule) (Single immunoglobulin domain-containing IL1R-related protein) (Toll/interleukin-1 receptor 8) (TIR8)	Sigirr Tir8	Mus musculus (Mouse)	409	
MSH5	Q9QUM7	reviewed	MSH5_MOUSE	MutS protein homolog 5	Msh5	Mus musculus (Mouse)	833	ATP binding [GO:0005524]; ATP-dependent DNA damage sensor activity [GO:0140664]; double-stranded DNA binding [GO:0003690]; mismatched DNA binding [GO:0030983]
GAB1	Q9QYY0	reviewed	GAB1_MOUSE	GRB2-associated-binding protein 1 (GRB2-associated binder 1) (Growth factor receptor bound protein 2-associated protein 1)	Gab1	Mus musculus (Mouse)	695	signaling adaptor activity [GO:0035591]
BCAM	Q9R069	reviewed	BCAM_MOUSE	Basal cell adhesion molecule (B-CAM cell surface glycoprotein) (Lutheran antigen) (CD antigen CD239)	Bcam Gplu Lu	Mus musculus (Mouse)	622	laminin binding [GO:0043236]; laminin receptor activity [GO:0005055]
PEX14	Q9R0A0	reviewed	PEX14_MOUSE	Peroxisomal membrane protein PEX14 (PTS1 receptor-docking protein) (Peroxin-14) (Peroxisomal membrane anchor protein PEX14)	Pex14	Mus musculus (Mouse)	376	beta-tubulin binding [GO:0048487]; identical protein binding [GO:0042802]; microtubule binding [GO:0008017]; protein transmembrane transporter activity [GO:0008320]; protein-macromolecule adaptor activity [GO:0030674]; signaling receptor binding [GO:0005102]; transcription corepressor activity [GO:0003714]
SYT8	Q9R0N6	reviewed	SYT8_MOUSE	Synaptotagmin-8 (Synaptotagmin VIII) (SytVIII)	Syt8	Mus musculus (Mouse)	395	calcium ion binding [GO:0005509]; calcium-dependent phospholipid binding [GO:0005544]; calcium-dependent protein binding [GO:0048306]; clathrin binding [GO:0030276]; phosphatidylserine binding [GO:0001786]; syntaxin binding [GO:0019905]
LHX6	Q9R1R0	reviewed	LHX6_MOUSE	LIM/homeobox protein Lhx6 (LIM homeobox protein 6) (LIM/homeobox protein Lhx6.1)	Lhx6 Lhx6.1	Mus musculus (Mouse)	363	DNA-binding transcription factor activity [GO:0003700]; DNA-binding transcription factor activity, RNA polymerase II-specific [GO:0000981]; metal ion binding [GO:0046872]; RNA polymerase II transcription regulatory region sequence-specific DNA binding [GO:0000977]; sequence-specific double-stranded DNA binding [GO:1990837]
ORC6	Q9WUJ8	reviewed	ORC6_MOUSE	Origin recognition complex subunit 6	Orc6 Orc6l	Mus musculus (Mouse)	262	DNA binding [GO:0003677]
MAP3K14	Q9WUL6	reviewed	M3K14_MOUSE	Mitogen-activated protein kinase kinase kinase 14 (EC 2.7.11.25) (NF-kappa-beta-inducing kinase) (Serine/threonine-protein kinase NIK)	Map3k14 Nik	Mus musculus (Mouse)	942	ATP binding [GO:0005524]; MAP kinase kinase kinase activity [GO:0004709]; protein kinase activity [GO:0004672]; protein serine kinase activity [GO:0106310]; protein serine/threonine kinase activity [GO:0004674]
SMARCB1	Q9Z0H3	reviewed	SNF5_MOUSE	SWI/SNF-related matrix-associated actin-dependent regulator of chromatin subfamily B member 1 (BRG1-associated factor 47) (BAF47) (Integrase interactor 1 protein) (SNF5 homolog) (mSNF5)	Smarcb1 Baf47 Ini1 Snf5l1	Mus musculus (Mouse)	385	DNA binding [GO:0003677]; identical protein binding [GO:0042802]; p53 binding [GO:0002039]; RNA polymerase I core promoter sequence-specific DNA binding [GO:0001164]; Tat protein binding [GO:0030957]; transcription coactivator activity [GO:0003713]
LIPA	Q9Z0M5	reviewed	LICH_MOUSE	Lysosomal acid lipase/cholesteryl ester hydrolase (Acid cholesteryl ester hydrolase) (LAL) (EC 3.1.1.13) (Cholesteryl esterase) (Lipase A) (Sterol esterase)	Lipa Lip1	Mus musculus (Mouse)	397	lipase activity [GO:0016298]; sterol esterase activity [GO:0004771]
DEAF1	Q9Z1T5	reviewed	DEAF1_MOUSE	Deformed epidermal autoregulatory factor 1 homolog (Nuclear DEAF-1-related transcriptional regulator) (NUDR)	Deaf1	Mus musculus (Mouse)	566	DNA-binding transcription factor activity, RNA polymerase II-specific [GO:0000981]; DNA-binding transcription repressor activity, RNA polymerase II-specific [GO:0001227]; metal ion binding [GO:0046872]; RNA polymerase II transcription regulatory region sequence-specific DNA binding [GO:0000977]
USO1	Q9Z1Z0	reviewed	USO1_MOUSE	General vesicular transport factor p115 (Protein USO1 homolog) (Transcytosis-associated protein) (TAP) (Vesicle-docking protein)	Uso1 Vdp	Mus musculus (Mouse)	959	
GGT5	Q9Z2A9	reviewed	GGT5_MOUSE	Glutathione hydrolase 5 proenzyme (EC 3.4.19.13) (Gamma-glutamyl leukotrienase) (GGL) (Gamma-glutamyltransferase 5) (GGT 5) (EC 2.3.2.2) (Gamma-glutamyltransferase-like activity 1) (Gamma-glutamyltranspeptidase 5) (Leukotriene-C4 hydrolase) (EC 3.4.19.14) [Cleaved into: Glutathione hydrolase 5 heavy chain; Glutathione hydrolase 5 light chain]	Ggt5 Ggtla1	Mus musculus (Mouse)	573	glutathione hydrolase activity [GO:0036374]; leukotriene C4 gamma-glutamyl transferase activity [GO:0103068]; leukotriene-C(4) hydrolase [GO:0002951]; peptidyltransferase activity [GO:0000048]
